source,data,ts
wifi_occupancy,"{""node_id"": ""corridor_node_1"", ""people_count"": 2, ""device_count_raw"": 2, ""csi_variance"": 2.877, ""csi_people_estimate"": 0, ""ts"": ""2026-09-05T01:59:50.611692""}",2026-09-05T01:59:50.611692
wifi_occupancy,"{""node_id"": ""corridor_node_1"", ""people_count"": 2, ""device_count_raw"": 2, ""csi_variance"": 1.5071, ""csi_people_estimate"": 0, ""ts"": ""2026-09-05T01:59:55.628106""}",2026-09-05T01:59:55.628106
wifi_occupancy,"{""node_id"": ""corridor_node_1"", ""people_count"": 2, ""device_count_raw"": 2, ""csi_variance"": 1.2996, ""csi_people_estimate"": 0, ""ts"": ""2026-09-05T02:00:00.646779""}",2026-09-05T02:00:00.646779
wifi_occupancy,"{""node_id"": ""corridor_node_1"", ""people_count"": 2, ""device_count_raw"": 2, ""csi_variance"": 1.6906, ""csi_people_estimate"": 0, ""ts"": ""2026-09-05T02:00:05.563669""}",2026-09-05T02:00:05.563669
wifi_occupancy,"{""node_id"": ""corridor_node_1"", ""people_count"": 2, ""device_count_raw"": 2, ""csi_variance"": 3.7422, ""csi_people_estimate"": 0, ""ts"": ""2026-09-05T02:00:10.686305""}",2026-09-05T02:00:10.686305
wifi_occupancy,"{""node_id"": ""corridor_node_1"", ""people_count"": 2, ""device_count_raw"": 2, ""csi_variance"": 6.9928, ""csi_people_estimate"": 0, ""ts"": ""2026-09-05T02:00:15.600054""}",2026-09-05T02:00:15.600054
wifi_occupancy,"{""node_id"": ""corridor_node_1"", ""people_count"": 2, ""device_count_raw"": 2, ""csi_variance"": 8.5776, ""csi_people_estimate"": 0, ""ts"": ""2026-09-05T02:00:20.614795""}",2026-09-05T02:00:20.614795
wifi_occupancy,"{""node_id"": ""corridor_node_1"", ""people_count"": 3, ""device_count_raw"": 3, ""csi_variance"": 7.1094, ""csi_people_estimate"": 0, ""ts"": ""2026-09-05T02:00:25.636252""}",2026-09-05T02:00:25.636252
wifi_occupancy,"{""node_id"": ""corridor_node_1"", ""people_count"": 3, ""device_count_raw"": 3, ""csi_variance"": 13.5812, ""csi_people_estimate"": 0, ""ts"": ""2026-09-05T02:00:30.677037""}",2026-09-05T02:00:30.677037
wifi_occupancy,"{""node_id"": ""corridor_node_1"", ""people_count"": 3, ""device_count_raw"": 3, ""csi_variance"": 10.5795, ""csi_people_estimate"": 0, ""ts"": ""2026-09-05T02:00:35.565311""}",2026-09-05T02:00:35.565311
wifi_occupancy,"{""node_id"": ""corridor_node_1"", ""people_count"": 3, ""device_count_raw"": 3, ""csi_variance"": 14.2473, ""csi_people_estimate"": 0, ""ts"": ""2026-09-05T02:00:40.542928""}",2026-09-05T02:00:40.542928
wifi_occupancy,"{""node_id"": ""corridor_node_1"", ""people_count"": 3, ""device_count_raw"": 3, ""csi_variance"": 15.2381, ""csi_people_estimate"": 0, ""ts"": ""2026-09-05T02:00:45.702514""}",2026-09-05T02:00:45.702514
wifi_occupancy,"{""node_id"": ""corridor_node_1"", ""people_count"": 3, ""device_count_raw"": 3, ""csi_variance"": 8.4218, ""csi_people_estimate"": 0, ""ts"": ""2026-09-05T02:00:50.622563""}",2026-09-05T02:00:50.622563
wifi_occupancy,"{""node_id"": ""corridor_node_1"", ""people_count"": 3, ""device_count_raw"": 3, ""csi_variance"": 9.9109, ""csi_people_estimate"": 0, ""ts"": ""2026-09-05T02:00:55.640146""}",2026-09-05T02:00:55.640146
wifi_occupancy,"{""node_id"": ""corridor_node_1"", ""people_count"": 3, ""device_count_raw"": 3, ""csi_variance"": 12.4173, ""csi_people_estimate"": 0, ""ts"": ""2026-09-05T02:01:00.650134""}",2026-09-05T02:01:00.650134
wifi_occupancy,"{""node_id"": ""corridor_node_1"", ""people_count"": 3, ""device_count_raw"": 3, ""csi_variance"": 12.7048, ""csi_people_estimate"": 0, ""ts"": ""2026-09-05T02:01:05.569103""}",2026-09-05T02:01:05.569103
wifi_occupancy,"{""node_id"": ""corridor_node_1"", ""people_count"": 3, ""device_count_raw"": 3, ""csi_variance"": 13.5713, ""csi_people_estimate"": 0, ""ts"": ""2026-09-05T02:01:10.590116""}",2026-09-05T02:01:10.590116
wifi_occupancy,"{""node_id"": ""corridor_node_1"", ""people_count"": 3, ""device_count_raw"": 3, ""csi_variance"": 13.4081, ""csi_people_estimate"": 0, ""ts"": ""2026-09-05T02:01:15.604389""}",2026-09-05T02:01:15.604389
wifi_occupancy,"{""node_id"": ""corridor_node_1"", ""people_count"": 3, ""device_count_raw"": 3, ""csi_variance"": 9.9574, ""csi_people_estimate"": 0, ""ts"": ""2026-09-05T02:01:20.622722""}",2026-09-05T02:01:20.622722
wifi_occupancy,"{""node_id"": ""corridor_node_1"", ""people_count"": 4, ""device_count_raw"": 4, ""csi_variance"": 8.3392, ""csi_people_estimate"": 0, ""ts"": ""2026-09-05T02:01:25.641276""}",2026-09-05T02:01:25.641276
wifi_occupancy,"{""node_id"": ""corridor_node_1"", ""people_count"": 4, ""device_count_raw"": 4, ""csi_variance"": 4.4928, ""csi_people_estimate"": 0, ""ts"": ""2026-09-05T02:01:30.577085""}",2026-09-05T02:01:30.577085
wifi_occupancy,"{""node_id"": ""corridor_node_1"", ""people_count"": 4, ""device_count_raw"": 4, ""csi_variance"": 7.915, ""csi_people_estimate"": 0, ""ts"": ""2026-09-05T02:01:35.539185""}",2026-09-05T02:01:35.539185
wifi_occupancy,"{""node_id"": ""corridor_node_1"", ""people_count"": 4, ""device_count_raw"": 4, ""csi_variance"": 6.2765, ""csi_people_estimate"": 0, ""ts"": ""2026-09-05T02:01:40.799128""}",2026-09-05T02:01:40.799128
wifi_occupancy,"{""node_id"": ""corridor_node_1"", ""people_count"": 4, ""device_count_raw"": 4, ""csi_variance"": 11.3908, ""csi_people_estimate"": 0, ""ts"": ""2026-09-05T02:01:45.613565""}",2026-09-05T02:01:45.613565
wifi_occupancy,"{""node_id"": ""corridor_node_1"", ""people_count"": 3, ""device_count_raw"": 3, ""csi_variance"": 11.0688, ""csi_people_estimate"": 0, ""ts"": ""2026-09-05T02:01:50.544324""}",2026-09-05T02:01:50.544324
wifi_occupancy,"{""node_id"": ""corridor_node_1"", ""people_count"": 3, ""device_count_raw"": 3, ""csi_variance"": 8.5125, ""csi_people_estimate"": 0, ""ts"": ""2026-09-05T02:01:55.644667""}",2026-09-05T02:01:55.644667
wifi_occupancy,"{""node_id"": ""corridor_node_1"", ""people_count"": 3, ""device_count_raw"": 3, ""csi_variance"": 7.5234, ""csi_people_estimate"": 0, ""ts"": ""2026-09-05T02:02:00.530662""}",2026-09-05T02:02:00.530662
wifi_occupancy,"{""node_id"": ""corridor_node_1"", ""people_count"": 3, ""device_count_raw"": 3, ""csi_variance"": 8.3502, ""csi_people_estimate"": 0, ""ts"": ""2026-09-05T02:02:05.584980""}",2026-09-05T02:02:05.584980
wifi_occupancy,"{""node_id"": ""corridor_node_1"", ""people_count"": 4, ""device_count_raw"": 4, ""csi_variance"": 9.0775, ""csi_people_estimate"": 0, ""ts"": ""2026-09-05T02:02:10.595229""}",2026-09-05T02:02:10.595229
wifi_occupancy,"{""node_id"": ""corridor_node_1"", ""people_count"": 4, ""device_count_raw"": 4, ""csi_variance"": 9.2688, ""csi_people_estimate"": 0, ""ts"": ""2026-09-05T02:02:15.612827""}",2026-09-05T02:02:15.612827
wifi_occupancy,"{""node_id"": ""corridor_node_1"", ""people_count"": 4, ""device_count_raw"": 4, ""csi_variance"": 6.0478, ""csi_people_estimate"": 0, ""ts"": ""2026-09-05T02:02:20.629827""}",2026-09-05T02:02:20.629827
wifi_occupancy,"{""node_id"": ""corridor_node_1"", ""people_count"": 3, ""device_count_raw"": 3, ""csi_variance"": 6.1406, ""csi_people_estimate"": 0, ""ts"": ""2026-09-05T02:02:25.648451""}",2026-09-05T02:02:25.648451
wifi_occupancy,"{""node_id"": ""corridor_node_1"", ""people_count"": 3, ""device_count_raw"": 3, ""csi_variance"": 8.7668, ""csi_people_estimate"": 0, ""ts"": ""2026-09-05T02:02:30.567818""}",2026-09-05T02:02:30.567818
wifi_occupancy,"{""node_id"": ""corridor_node_1"", ""people_count"": 2, ""device_count_raw"": 2, ""csi_variance"": 11.7929, ""csi_people_estimate"": 0, ""ts"": ""2026-09-05T02:02:35.683537""}",2026-09-05T02:02:35.683537
wifi_occupancy,"{""node_id"": ""corridor_node_1"", ""people_count"": 4, ""device_count_raw"": 4, ""csi_variance"": 14.1137, ""csi_people_estimate"": 0, ""ts"": ""2026-09-05T02:02:40.534388""}",2026-09-05T02:02:40.534388
wifi_occupancy,"{""node_id"": ""corridor_node_1"", ""people_count"": 4, ""device_count_raw"": 4, ""csi_variance"": 8.9891, ""csi_people_estimate"": 0, ""ts"": ""2026-09-05T02:02:45.780877""}",2026-09-05T02:02:45.780877
wifi_occupancy,"{""node_id"": ""corridor_node_1"", ""people_count"": 4, ""device_count_raw"": 4, ""csi_variance"": 17.0153, ""csi_people_estimate"": 0, ""ts"": ""2026-09-05T02:02:50.553741""}",2026-09-05T02:02:50.553957
wifi_occupancy,"{""node_id"": ""corridor_node_1"", ""people_count"": 5, ""device_count_raw"": 5, ""csi_variance"": 13.0649, ""csi_people_estimate"": 0, ""ts"": ""2026-09-05T02:02:55.534973""}",2026-09-05T02:02:55.534973
wifi_occupancy,"{""node_id"": ""corridor_node_1"", ""people_count"": 5, ""device_count_raw"": 5, ""csi_variance"": 9.7482, ""csi_people_estimate"": 0, ""ts"": ""2026-09-05T02:03:00.567937""}",2026-09-05T02:03:00.567937
wifi_occupancy,"{""node_id"": ""corridor_node_1"", ""people_count"": 5, ""device_count_raw"": 5, ""csi_variance"": 7.4875, ""csi_people_estimate"": 0, ""ts"": ""2026-09-05T02:03:05.533064""}",2026-09-05T02:03:05.533064
wifi_occupancy,"{""node_id"": ""corridor_node_1"", ""people_count"": 4, ""device_count_raw"": 4, ""csi_variance"": 7.6219, ""csi_people_estimate"": 0, ""ts"": ""2026-09-05T02:03:10.601749""}",2026-09-05T02:03:10.601749
wifi_occupancy,"{""node_id"": ""corridor_node_1"", ""people_count"": 4, ""device_count_raw"": 4, ""csi_variance"": 5.2382, ""csi_people_estimate"": 0, ""ts"": ""2026-09-05T02:03:15.540831""}",2026-09-05T02:03:15.540831
wifi_occupancy,"{""node_id"": ""corridor_node_1"", ""people_count"": 4, ""device_count_raw"": 4, ""csi_variance"": 5.3136, ""csi_people_estimate"": 0, ""ts"": ""2026-09-05T02:03:20.644040""}",2026-09-05T02:03:20.644040
wifi_occupancy,"{""node_id"": ""corridor_node_1"", ""people_count"": 4, ""device_count_raw"": 4, ""csi_variance"": 13.4709, ""csi_people_estimate"": 0, ""ts"": ""2026-09-05T02:03:25.662917""}",2026-09-05T02:03:25.662917
wifi_occupancy,"{""node_id"": ""corridor_node_1"", ""people_count"": 4, ""device_count_raw"": 4, ""csi_variance"": 15.8641, ""csi_people_estimate"": 0, ""ts"": ""2026-09-05T02:03:30.572483""}",2026-09-05T02:03:30.572483
wifi_occupancy,"{""node_id"": ""corridor_node_1"", ""people_count"": 4, ""device_count_raw"": 4, ""csi_variance"": 4.2808, ""csi_people_estimate"": 0, ""ts"": ""2026-09-05T02:03:35.554318""}",2026-09-05T02:03:35.554318
wifi_occupancy,"{""node_id"": ""corridor_node_1"", ""people_count"": 2, ""device_count_raw"": 2, ""csi_variance"": 10.5663, ""csi_people_estimate"": 0, ""ts"": ""2026-09-05T02:03:40.711130""}",2026-09-05T02:03:40.711130
wifi_occupancy,"{""node_id"": ""corridor_node_1"", ""people_count"": 3, ""device_count_raw"": 3, ""csi_variance"": 12.7182, ""csi_people_estimate"": 0, ""ts"": ""2026-09-05T02:03:45.960761""}",2026-09-05T02:03:45.960761
wifi_occupancy,"{""node_id"": ""corridor_node_1"", ""people_count"": 3, ""device_count_raw"": 3, ""csi_variance"": 0.9324, ""csi_people_estimate"": 0, ""ts"": ""2026-09-05T02:03:50.644613""}",2026-09-05T02:03:50.644613
wifi_occupancy,"{""node_id"": ""corridor_node_1"", ""people_count"": 2, ""device_count_raw"": 2, ""csi_variance"": 5.7513, ""csi_people_estimate"": 0, ""ts"": ""2026-09-05T02:03:55.670815""}",2026-09-05T02:03:55.670815
wifi_occupancy,"{""node_id"": ""corridor_node_1"", ""people_count"": 2, ""device_count_raw"": 2, ""csi_variance"": 10.0144, ""csi_people_estimate"": 0, ""ts"": ""2026-09-05T02:04:00.737086""}",2026-09-05T02:04:00.737086
wifi_occupancy,"{""node_id"": ""corridor_node_1"", ""people_count"": 2, ""device_count_raw"": 2, ""csi_variance"": 13.8257, ""csi_people_estimate"": 0, ""ts"": ""2026-09-05T02:04:05.702131""}",2026-09-05T02:04:05.702131
wifi_occupancy,"{""node_id"": ""corridor_node_1"", ""people_count"": 2, ""device_count_raw"": 2, ""csi_variance"": 11.3097, ""csi_people_estimate"": 0, ""ts"": ""2026-09-05T02:04:10.615149""}",2026-09-05T02:04:10.615149
wifi_occupancy,"{""node_id"": ""corridor_node_1"", ""people_count"": 2, ""device_count_raw"": 2, ""csi_variance"": 11.8541, ""csi_people_estimate"": 0, ""ts"": ""2026-09-05T02:04:15.629200""}",2026-09-05T02:04:15.629200
wifi_occupancy,"{""node_id"": ""corridor_node_1"", ""people_count"": 2, ""device_count_raw"": 2, ""csi_variance"": 4.7169, ""csi_people_estimate"": 0, ""ts"": ""2026-09-05T02:04:20.651031""}",2026-09-05T02:04:20.651031
wifi_occupancy,"{""node_id"": ""corridor_node_1"", ""people_count"": 3, ""device_count_raw"": 3, ""csi_variance"": 6.5266, ""csi_people_estimate"": 0, ""ts"": ""2026-09-05T02:04:25.564721""}",2026-09-05T02:04:25.564721
wifi_occupancy,"{""node_id"": ""corridor_node_1"", ""people_count"": 4, ""device_count_raw"": 4, ""csi_variance"": 10.1392, ""csi_people_estimate"": 0, ""ts"": ""2026-09-05T02:04:30.580636""}",2026-09-05T02:04:30.580636
wifi_occupancy,"{""node_id"": ""corridor_node_1"", ""people_count"": 4, ""device_count_raw"": 4, ""csi_variance"": 11.3544, ""csi_people_estimate"": 0, ""ts"": ""2026-09-05T02:04:35.702220""}",2026-09-05T02:04:35.702220
wifi_occupancy,"{""node_id"": ""corridor_node_1"", ""people_count"": 4, ""device_count_raw"": 4, ""csi_variance"": 9.8316, ""csi_people_estimate"": 0, ""ts"": ""2026-09-05T02:04:40.619289""}",2026-09-05T02:04:40.619289
wifi_occupancy,"{""node_id"": ""corridor_node_1"", ""people_count"": 3, ""device_count_raw"": 3, ""csi_variance"": 9.1658, ""csi_people_estimate"": 0, ""ts"": ""2026-09-05T02:04:45.632526""}",2026-09-05T02:04:45.632526
wifi_occupancy,"{""node_id"": ""corridor_node_1"", ""people_count"": 3, ""device_count_raw"": 3, ""csi_variance"": 10.308, ""csi_people_estimate"": 0, ""ts"": ""2026-09-05T02:04:50.648750""}",2026-09-05T02:04:50.648750
wifi_occupancy,"{""node_id"": ""corridor_node_1"", ""people_count"": 4, ""device_count_raw"": 4, ""csi_variance"": 4.7222, ""csi_people_estimate"": 0, ""ts"": ""2026-09-05T02:04:55.874538""}",2026-09-05T02:04:55.874538
wifi_occupancy,"{""node_id"": ""corridor_node_1"", ""people_count"": 4, ""device_count_raw"": 4, ""csi_variance"": 4.1571, ""csi_people_estimate"": 0, ""ts"": ""2026-09-05T02:05:00.533499""}",2026-09-05T02:05:00.533499
wifi_occupancy,"{""node_id"": ""corridor_node_1"", ""people_count"": 4, ""device_count_raw"": 4, ""csi_variance"": 8.5667, ""csi_people_estimate"": 0, ""ts"": ""2026-09-05T02:05:05.600385""}",2026-09-05T02:05:05.600385
wifi_occupancy,"{""node_id"": ""corridor_node_1"", ""people_count"": 4, ""device_count_raw"": 4, ""csi_variance"": 9.4948, ""csi_people_estimate"": 0, ""ts"": ""2026-09-05T02:05:10.533758""}",2026-09-05T02:05:10.533758
wifi_occupancy,"{""node_id"": ""corridor_node_1"", ""people_count"": 4, ""device_count_raw"": 4, ""csi_variance"": 9.3957, ""csi_people_estimate"": 0, ""ts"": ""2026-09-05T02:05:15.534729""}",2026-09-05T02:05:15.534729
wifi_occupancy,"{""node_id"": ""corridor_node_1"", ""people_count"": 4, ""device_count_raw"": 4, ""csi_variance"": 7.9073, ""csi_people_estimate"": 0, ""ts"": ""2026-09-05T02:05:20.542234""}",2026-09-05T02:05:20.542234
wifi_occupancy,"{""node_id"": ""corridor_node_1"", ""people_count"": 3, ""device_count_raw"": 3, ""csi_variance"": 9.8418, ""csi_people_estimate"": 0, ""ts"": ""2026-09-05T02:05:25.669828""}",2026-09-05T02:05:25.669828
wifi_occupancy,"{""node_id"": ""corridor_node_1"", ""people_count"": 2, ""device_count_raw"": 2, ""csi_variance"": 11.1455, ""csi_people_estimate"": 0, ""ts"": ""2026-09-05T02:05:30.538718""}",2026-09-05T02:05:30.538718
wifi_occupancy,"{""node_id"": ""corridor_node_1"", ""people_count"": 2, ""device_count_raw"": 2, ""csi_variance"": 11.3069, ""csi_people_estimate"": 0, ""ts"": ""2026-09-05T02:05:35.606695""}",2026-09-05T02:05:35.606695
wifi_occupancy,"{""node_id"": ""corridor_node_1"", ""people_count"": 2, ""device_count_raw"": 2, ""csi_variance"": 11.0045, ""csi_people_estimate"": 0, ""ts"": ""2026-09-05T02:05:40.725814""}",2026-09-05T02:05:40.725814
wifi_occupancy,"{""node_id"": ""corridor_node_1"", ""people_count"": 2, ""device_count_raw"": 2, ""csi_variance"": 11.5217, ""csi_people_estimate"": 0, ""ts"": ""2026-09-05T02:05:45.743955""}",2026-09-05T02:05:45.743955
wifi_occupancy,"{""node_id"": ""corridor_node_1"", ""people_count"": 2, ""device_count_raw"": 2, ""csi_variance"": 7.648, ""csi_people_estimate"": 0, ""ts"": ""2026-09-05T02:05:50.530359""}",2026-09-05T02:05:50.530359
wifi_occupancy,"{""node_id"": ""corridor_node_1"", ""people_count"": 1, ""device_count_raw"": 1, ""csi_variance"": 2.2886, ""csi_people_estimate"": 0, ""ts"": ""2026-09-05T02:05:55.700406""}",2026-09-05T02:05:55.700406
wifi_occupancy,"{""node_id"": ""corridor_node_1"", ""people_count"": 1, ""device_count_raw"": 1, ""csi_variance"": 4.4518, ""csi_people_estimate"": 0, ""ts"": ""2026-09-05T02:06:00.693987""}",2026-09-05T02:06:00.693987
wifi_occupancy,"{""node_id"": ""corridor_node_1"", ""people_count"": 2, ""device_count_raw"": 2, ""csi_variance"": 3.2566, ""csi_people_estimate"": 0, ""ts"": ""2026-09-05T02:06:05.607619""}",2026-09-05T02:06:05.607619
wifi_occupancy,"{""node_id"": ""corridor_node_1"", ""people_count"": 2, ""device_count_raw"": 2, ""csi_variance"": 4.2775, ""csi_people_estimate"": 0, ""ts"": ""2026-09-05T02:06:10.624521""}",2026-09-05T02:06:10.624521
wifi_occupancy,"{""node_id"": ""corridor_node_1"", ""people_count"": 2, ""device_count_raw"": 2, ""csi_variance"": 5.5321, ""csi_people_estimate"": 0, ""ts"": ""2026-09-05T02:06:15.536952""}",2026-09-05T02:06:15.536952
wifi_occupancy,"{""node_id"": ""corridor_node_1"", ""people_count"": 2, ""device_count_raw"": 2, ""csi_variance"": 9.6115, ""csi_people_estimate"": 0, ""ts"": ""2026-09-05T02:06:20.535638""}",2026-09-05T02:06:20.535638
wifi_occupancy,"{""node_id"": ""corridor_node_1"", ""people_count"": 2, ""device_count_raw"": 2, ""csi_variance"": 15.0411, ""csi_people_estimate"": 0, ""ts"": ""2026-09-05T02:06:25.576766""}",2026-09-05T02:06:25.576766
wifi_occupancy,"{""node_id"": ""corridor_node_1"", ""people_count"": 2, ""device_count_raw"": 2, ""csi_variance"": 1.747, ""csi_people_estimate"": 0, ""ts"": ""2026-09-05T02:06:30.541114""}",2026-09-05T02:06:30.541114
wifi_occupancy,"{""node_id"": ""corridor_node_1"", ""people_count"": 2, ""device_count_raw"": 2, ""csi_variance"": 32.56, ""csi_people_estimate"": 0, ""ts"": ""2026-09-05T02:06:35.611041""}",2026-09-05T02:06:35.611041
wifi_occupancy,"{""node_id"": ""corridor_node_1"", ""people_count"": 3, ""device_count_raw"": 3, ""csi_variance"": 33.1375, ""csi_people_estimate"": 0, ""ts"": ""2026-09-05T02:06:40.627879""}",2026-09-05T02:06:40.628916
wifi_occupancy,"{""node_id"": ""corridor_node_1"", ""people_count"": 3, ""device_count_raw"": 3, ""csi_variance"": 37.9702, ""csi_people_estimate"": 0, ""ts"": ""2026-09-05T02:06:45.528046""}",2026-09-05T02:06:45.528046
wifi_occupancy,"{""node_id"": ""corridor_node_1"", ""people_count"": 3, ""device_count_raw"": 3, ""csi_variance"": 40.3832, ""csi_people_estimate"": 0, ""ts"": ""2026-09-05T02:06:50.664543""}",2026-09-05T02:06:50.664543
wifi_occupancy,"{""node_id"": ""corridor_node_1"", ""people_count"": 3, ""device_count_raw"": 3, ""csi_variance"": 31.6089, ""csi_people_estimate"": 0, ""ts"": ""2026-09-05T02:06:55.578771""}",2026-09-05T02:06:55.578771
wifi_occupancy,"{""node_id"": ""corridor_node_1"", ""people_count"": 3, ""device_count_raw"": 3, ""csi_variance"": 18.3526, ""csi_people_estimate"": 0, ""ts"": ""2026-09-05T02:07:00.527622""}",2026-09-05T02:07:00.527622
wifi_occupancy,"{""node_id"": ""corridor_node_1"", ""people_count"": 2, ""device_count_raw"": 2, ""csi_variance"": 19.9333, ""csi_people_estimate"": 0, ""ts"": ""2026-09-05T02:07:05.535681""}",2026-09-05T02:07:05.535681
wifi_occupancy,"{""node_id"": ""corridor_node_1"", ""people_count"": 3, ""device_count_raw"": 3, ""csi_variance"": 1.8125, ""csi_people_estimate"": 0, ""ts"": ""2026-09-05T02:07:10.528288""}",2026-09-05T02:07:10.528288
wifi_occupancy,"{""node_id"": ""corridor_node_1"", ""people_count"": 3, ""device_count_raw"": 3, ""csi_variance"": 3.2487, ""csi_people_estimate"": 0, ""ts"": ""2026-09-05T02:07:15.523747""}",2026-09-05T02:07:15.523747
wifi_occupancy,"{""node_id"": ""corridor_node_1"", ""people_count"": 3, ""device_count_raw"": 3, ""csi_variance"": 4.5484, ""csi_people_estimate"": 0, ""ts"": ""2026-09-05T02:07:20.566808""}",2026-09-05T02:07:20.566808
wifi_occupancy,"{""node_id"": ""corridor_node_1"", ""people_count"": 4, ""device_count_raw"": 4, ""csi_variance"": 11.2648, ""csi_people_estimate"": 0, ""ts"": ""2026-09-05T02:07:25.584248""}",2026-09-05T02:07:25.584248
wifi_occupancy,"{""node_id"": ""corridor_node_1"", ""people_count"": 4, ""device_count_raw"": 4, ""csi_variance"": 12.6542, ""csi_people_estimate"": 0, ""ts"": ""2026-09-05T02:07:30.600820""}",2026-09-05T02:07:30.600820
wifi_occupancy,"{""node_id"": ""corridor_node_1"", ""people_count"": 4, ""device_count_raw"": 4, ""csi_variance"": 14.122, ""csi_people_estimate"": 0, ""ts"": ""2026-09-05T02:07:35.619909""}",2026-09-05T02:07:35.619909
wifi_occupancy,"{""node_id"": ""corridor_node_1"", ""people_count"": 3, ""device_count_raw"": 3, ""csi_variance"": 16.4179, ""csi_people_estimate"": 0, ""ts"": ""2026-09-05T02:07:40.531249""}",2026-09-05T02:07:40.531249
wifi_occupancy,"{""node_id"": ""corridor_node_1"", ""people_count"": 3, ""device_count_raw"": 3, ""csi_variance"": 15.4865, ""csi_people_estimate"": 0, ""ts"": ""2026-09-05T02:07:45.527413""}",2026-09-05T02:07:45.527413
wifi_occupancy,"{""node_id"": ""corridor_node_1"", ""people_count"": 3, ""device_count_raw"": 3, ""csi_variance"": 12.3409, ""csi_people_estimate"": 0, ""ts"": ""2026-09-05T02:07:50.568689""}",2026-09-05T02:07:50.568689
wifi_occupancy,"{""node_id"": ""corridor_node_1"", ""people_count"": 3, ""device_count_raw"": 3, ""csi_variance"": 11.8107, ""csi_people_estimate"": 0, ""ts"": ""2026-09-05T02:07:55.586298""}",2026-09-05T02:07:55.587294
wifi_occupancy,"{""node_id"": ""corridor_node_1"", ""people_count"": 3, ""device_count_raw"": 3, ""csi_variance"": 7.9065, ""csi_people_estimate"": 0, ""ts"": ""2026-09-05T02:08:00.606441""}",2026-09-05T02:08:00.606441
wifi_occupancy,"{""node_id"": ""corridor_node_1"", ""people_count"": 3, ""device_count_raw"": 3, ""csi_variance"": 8.8859, ""csi_people_estimate"": 0, ""ts"": ""2026-09-05T02:08:05.531874""}",2026-09-05T02:08:05.531874
wifi_occupancy,"{""node_id"": ""corridor_node_1"", ""people_count"": 2, ""device_count_raw"": 2, ""csi_variance"": 6.4526, ""csi_people_estimate"": 0, ""ts"": ""2026-09-05T02:08:10.546673""}",2026-09-05T02:08:10.546673
wifi_occupancy,"{""node_id"": ""corridor_node_1"", ""people_count"": 3, ""device_count_raw"": 3, ""csi_variance"": 1.7464, ""csi_people_estimate"": 0, ""ts"": ""2026-09-05T02:08:15.556970""}",2026-09-05T02:08:15.556970
wifi_occupancy,"{""node_id"": ""corridor_node_1"", ""people_count"": 3, ""device_count_raw"": 3, ""csi_variance"": 14.9081, ""csi_people_estimate"": 0, ""ts"": ""2026-09-05T02:08:20.589486""}",2026-09-05T02:08:20.589486
wifi_occupancy,"{""node_id"": ""corridor_node_1"", ""people_count"": 1, ""device_count_raw"": 1, ""csi_variance"": 14.4321, ""csi_people_estimate"": 0, ""ts"": ""2026-09-05T02:08:25.535549""}",2026-09-05T02:08:25.535549
wifi_occupancy,"{""node_id"": ""corridor_node_1"", ""people_count"": 1, ""device_count_raw"": 1, ""csi_variance"": 12.7452, ""csi_people_estimate"": 0, ""ts"": ""2026-09-05T02:08:30.526144""}",2026-09-05T02:08:30.526144
wifi_occupancy,"{""node_id"": ""corridor_node_1"", ""people_count"": 1, ""device_count_raw"": 1, ""csi_variance"": 9.5309, ""csi_people_estimate"": 0, ""ts"": ""2026-09-05T02:08:35.527424""}",2026-09-05T02:08:35.527424
wifi_occupancy,"{""node_id"": ""corridor_node_1"", ""people_count"": 1, ""device_count_raw"": 1, ""csi_variance"": 4.6173, ""csi_people_estimate"": 0, ""ts"": ""2026-09-05T02:08:40.527334""}",2026-09-05T02:08:40.527334
wifi_occupancy,"{""node_id"": ""corridor_node_1"", ""people_count"": 1, ""device_count_raw"": 1, ""csi_variance"": 4.0831, ""csi_people_estimate"": 0, ""ts"": ""2026-09-05T02:08:45.565407""}",2026-09-05T02:08:45.565407
wifi_occupancy,"{""node_id"": ""corridor_node_1"", ""people_count"": 1, ""device_count_raw"": 1, ""csi_variance"": 4.8704, ""csi_people_estimate"": 0, ""ts"": ""2026-09-05T02:08:50.679050""}",2026-09-05T02:08:50.680058
wifi_occupancy,"{""node_id"": ""corridor_node_1"", ""people_count"": 1, ""device_count_raw"": 1, ""csi_variance"": 5.0969, ""csi_people_estimate"": 0, ""ts"": ""2026-09-05T02:08:55.594966""}",2026-09-05T02:08:55.594966
wifi_occupancy,"{""node_id"": ""corridor_node_1"", ""people_count"": 1, ""device_count_raw"": 1, ""csi_variance"": 5.3718, ""csi_people_estimate"": 0, ""ts"": ""2026-09-05T02:09:00.612615""}",2026-09-05T02:09:00.612615
wifi_occupancy,"{""node_id"": ""corridor_node_1"", ""people_count"": 1, ""device_count_raw"": 1, ""csi_variance"": 5.3853, ""csi_people_estimate"": 0, ""ts"": ""2026-09-05T02:09:05.630671""}",2026-09-05T02:09:05.630671
wifi_occupancy,"{""node_id"": ""corridor_node_1"", ""people_count"": 1, ""device_count_raw"": 1, ""csi_variance"": 5.8716, ""csi_people_estimate"": 0, ""ts"": ""2026-09-05T02:09:10.547415""}",2026-09-05T02:09:10.547944
wifi_occupancy,"{""node_id"": ""corridor_node_1"", ""people_count"": 0, ""device_count_raw"": 0, ""csi_variance"": 2.9696, ""csi_people_estimate"": 0, ""ts"": ""2026-09-05T02:09:15.526531""}",2026-09-05T02:09:15.526531
wifi_occupancy,"{""node_id"": ""corridor_node_1"", ""people_count"": 1, ""device_count_raw"": 1, ""csi_variance"": 5.119, ""csi_people_estimate"": 0, ""ts"": ""2026-09-05T02:09:20.685463""}",2026-09-05T02:09:20.685463
wifi_occupancy,"{""node_id"": ""corridor_node_1"", ""people_count"": 1, ""device_count_raw"": 1, ""csi_variance"": 3.6787, ""csi_people_estimate"": 0, ""ts"": ""2026-09-05T02:09:25.601692""}",2026-09-05T02:09:25.601692
wifi_occupancy,"{""node_id"": ""corridor_node_1"", ""people_count"": 1, ""device_count_raw"": 1, ""csi_variance"": 5.3407, ""csi_people_estimate"": 0, ""ts"": ""2026-09-05T02:09:30.616155""}",2026-09-05T02:09:30.616155
wifi_occupancy,"{""node_id"": ""corridor_node_1"", ""people_count"": 1, ""device_count_raw"": 1, ""csi_variance"": 4.8737, ""csi_people_estimate"": 0, ""ts"": ""2026-09-05T02:09:35.527962""}",2026-09-05T02:09:35.527962
wifi_occupancy,"{""node_id"": ""corridor_node_1"", ""people_count"": 1, ""device_count_raw"": 1, ""csi_variance"": 4.33, ""csi_people_estimate"": 0, ""ts"": ""2026-09-05T02:09:40.551119""}",2026-09-05T02:09:40.551119
wifi_occupancy,"{""node_id"": ""corridor_node_1"", ""people_count"": 2, ""device_count_raw"": 2, ""csi_variance"": 2.7353, ""csi_people_estimate"": 0, ""ts"": ""2026-09-05T02:09:45.568011""}",2026-09-05T02:09:45.568011
wifi_occupancy,"{""node_id"": ""corridor_node_1"", ""people_count"": 2, ""device_count_raw"": 2, ""csi_variance"": 2.1545, ""csi_people_estimate"": 0, ""ts"": ""2026-09-05T02:09:50.526154""}",2026-09-05T02:09:50.526154
wifi_occupancy,"{""node_id"": ""corridor_node_1"", ""people_count"": 2, ""device_count_raw"": 2, ""csi_variance"": 2.4125, ""csi_people_estimate"": 0, ""ts"": ""2026-09-05T02:09:55.531323""}",2026-09-05T02:09:55.531323
wifi_occupancy,"{""node_id"": ""corridor_node_1"", ""people_count"": 2, ""device_count_raw"": 2, ""csi_variance"": 3.6602, ""csi_people_estimate"": 0, ""ts"": ""2026-09-05T02:10:00.621019""}",2026-09-05T02:10:00.621019
wifi_occupancy,"{""node_id"": ""corridor_node_1"", ""people_count"": 2, ""device_count_raw"": 2, ""csi_variance"": 8.2695, ""csi_people_estimate"": 0, ""ts"": ""2026-09-05T02:10:05.543749""}",2026-09-05T02:10:05.543749
wifi_occupancy,"{""node_id"": ""corridor_node_1"", ""people_count"": 2, ""device_count_raw"": 2, ""csi_variance"": 8.1988, ""csi_people_estimate"": 0, ""ts"": ""2026-09-05T02:10:10.522651""}",2026-09-05T02:10:10.522651
wifi_occupancy,"{""node_id"": ""corridor_node_1"", ""people_count"": 2, ""device_count_raw"": 2, ""csi_variance"": 6.6946, ""csi_people_estimate"": 0, ""ts"": ""2026-09-05T02:10:15.570984""}",2026-09-05T02:10:15.570984
wifi_occupancy,"{""node_id"": ""corridor_node_1"", ""people_count"": 1, ""device_count_raw"": 1, ""csi_variance"": 6.6272, ""csi_people_estimate"": 0, ""ts"": ""2026-09-05T02:10:20.588637""}",2026-09-05T02:10:20.588637
wifi_occupancy,"{""node_id"": ""corridor_node_1"", ""people_count"": 1, ""device_count_raw"": 1, ""csi_variance"": 7.0863, ""csi_people_estimate"": 0, ""ts"": ""2026-09-05T02:10:25.522245""}",2026-09-05T02:10:25.523243
wifi_occupancy,"{""node_id"": ""corridor_node_1"", ""people_count"": 2, ""device_count_raw"": 2, ""csi_variance"": 7.4709, ""csi_people_estimate"": 0, ""ts"": ""2026-09-05T02:10:30.528048""}",2026-09-05T02:10:30.528048
wifi_occupancy,"{""node_id"": ""corridor_node_1"", ""people_count"": 2, ""device_count_raw"": 2, ""csi_variance"": 10.1337, ""csi_people_estimate"": 0, ""ts"": ""2026-09-05T02:10:35.641254""}",2026-09-05T02:10:35.641254
wifi_occupancy,"{""node_id"": ""corridor_node_1"", ""people_count"": 2, ""device_count_raw"": 2, ""csi_variance"": 11.7723, ""csi_people_estimate"": 0, ""ts"": ""2026-09-05T02:10:40.558930""}",2026-09-05T02:10:40.558930
wifi_occupancy,"{""node_id"": ""corridor_node_1"", ""people_count"": 2, ""device_count_raw"": 2, ""csi_variance"": 11.3039, ""csi_people_estimate"": 0, ""ts"": ""2026-09-05T02:10:45.575353""}",2026-09-05T02:10:45.575353
wifi_occupancy,"{""node_id"": ""corridor_node_1"", ""people_count"": 2, ""device_count_raw"": 2, ""csi_variance"": 15.1625, ""csi_people_estimate"": 0, ""ts"": ""2026-09-05T02:10:50.591747""}",2026-09-05T02:10:50.591747
wifi_occupancy,"{""node_id"": ""corridor_node_1"", ""people_count"": 2, ""device_count_raw"": 2, ""csi_variance"": 15.3419, ""csi_people_estimate"": 0, ""ts"": ""2026-09-05T02:10:55.610069""}",2026-09-05T02:10:55.610069
wifi_occupancy,"{""node_id"": ""corridor_node_1"", ""people_count"": 2, ""device_count_raw"": 2, ""csi_variance"": 15.1229, ""csi_people_estimate"": 0, ""ts"": ""2026-09-05T02:11:00.533186""}",2026-09-05T02:11:00.533186
wifi_occupancy,"{""node_id"": ""corridor_node_1"", ""people_count"": 2, ""device_count_raw"": 2, ""csi_variance"": 15.3178, ""csi_people_estimate"": 0, ""ts"": ""2026-09-05T02:11:05.522766""}",2026-09-05T02:11:05.522766
wifi_occupancy,"{""node_id"": ""corridor_node_1"", ""people_count"": 2, ""device_count_raw"": 2, ""csi_variance"": 1.5757, ""csi_people_estimate"": 0, ""ts"": ""2026-09-05T02:11:10.561264""}",2026-09-05T02:11:10.561264
wifi_occupancy,"{""node_id"": ""corridor_node_1"", ""people_count"": 2, ""device_count_raw"": 2, ""csi_variance"": 1.6922, ""csi_people_estimate"": 0, ""ts"": ""2026-09-05T02:11:15.577945""}",2026-09-05T02:11:15.577945
wifi_occupancy,"{""node_id"": ""corridor_node_1"", ""people_count"": 2, ""device_count_raw"": 2, ""csi_variance"": 9.8619, ""csi_people_estimate"": 0, ""ts"": ""2026-09-05T02:11:20.598372""}",2026-09-05T02:11:20.598372
wifi_occupancy,"{""node_id"": ""corridor_node_1"", ""people_count"": 2, ""device_count_raw"": 2, ""csi_variance"": 13.2621, ""csi_people_estimate"": 0, ""ts"": ""2026-09-05T02:11:25.525875""}",2026-09-05T02:11:25.525875
wifi_occupancy,"{""node_id"": ""corridor_node_1"", ""people_count"": 0, ""device_count_raw"": 0, ""csi_variance"": 15.3615, ""csi_people_estimate"": 0, ""ts"": ""2026-09-05T02:11:30.541100""}",2026-09-05T02:11:30.541100
wifi_occupancy,"{""node_id"": ""corridor_node_1"", ""people_count"": 1, ""device_count_raw"": 1, ""csi_variance"": 67.8325, ""csi_people_estimate"": 0, ""ts"": ""2026-09-05T02:11:35.549265""}",2026-09-05T02:11:35.549265
wifi_occupancy,"{""node_id"": ""corridor_node_1"", ""people_count"": 1, ""device_count_raw"": 1, ""csi_variance"": 67.3308, ""csi_people_estimate"": 0, ""ts"": ""2026-09-05T02:11:40.564656""}",2026-09-05T02:11:40.564656
wifi_occupancy,"{""node_id"": ""corridor_node_1"", ""people_count"": 2, ""device_count_raw"": 2, ""csi_variance"": 65.5896, ""csi_people_estimate"": 0, ""ts"": ""2026-09-05T02:11:45.584578""}",2026-09-05T02:11:45.584578
wifi_occupancy,"{""node_id"": ""corridor_node_1"", ""people_count"": 2, ""device_count_raw"": 2, ""csi_variance"": 61.9991, ""csi_people_estimate"": 0, ""ts"": ""2026-09-05T02:11:50.599800""}",2026-09-05T02:11:50.599800
wifi_occupancy,"{""node_id"": ""corridor_node_1"", ""people_count"": 2, ""device_count_raw"": 2, ""csi_variance"": 3.4555, ""csi_people_estimate"": 0, ""ts"": ""2026-09-05T02:11:55.618358""}",2026-09-05T02:11:55.618358
wifi_occupancy,"{""node_id"": ""corridor_node_1"", ""people_count"": 3, ""device_count_raw"": 3, ""csi_variance"": 1.5469, ""csi_people_estimate"": 0, ""ts"": ""2026-09-05T02:12:00.636182""}",2026-09-05T02:12:00.636182
wifi_occupancy,"{""node_id"": ""corridor_node_1"", ""people_count"": 3, ""device_count_raw"": 3, ""csi_variance"": 1.2616, ""csi_people_estimate"": 0, ""ts"": ""2026-09-05T02:12:05.550966""}",2026-09-05T02:12:05.550966
wifi_occupancy,"{""node_id"": ""corridor_node_1"", ""people_count"": 4, ""device_count_raw"": 4, ""csi_variance"": 1.5116, ""csi_people_estimate"": 0, ""ts"": ""2026-09-05T02:12:10.568871""}",2026-09-05T02:12:10.568871
wifi_occupancy,"{""node_id"": ""corridor_node_1"", ""people_count"": 4, ""device_count_raw"": 4, ""csi_variance"": 1.7583, ""csi_people_estimate"": 0, ""ts"": ""2026-09-05T02:12:15.585364""}",2026-09-05T02:12:15.585364
wifi_occupancy,"{""node_id"": ""corridor_node_1"", ""people_count"": 5, ""device_count_raw"": 5, ""csi_variance"": 1.5789, ""csi_people_estimate"": 0, ""ts"": ""2026-09-05T02:12:20.605105""}",2026-09-05T02:12:20.605105
wifi_occupancy,"{""node_id"": ""corridor_node_1"", ""people_count"": 5, ""device_count_raw"": 5, ""csi_variance"": 1.4885, ""csi_people_estimate"": 0, ""ts"": ""2026-09-05T02:12:25.620972""}",2026-09-05T02:12:25.620972
wifi_occupancy,"{""node_id"": ""corridor_node_1"", ""people_count"": 5, ""device_count_raw"": 5, ""csi_variance"": 1.9294, ""csi_people_estimate"": 0, ""ts"": ""2026-09-05T02:12:30.641835""}",2026-09-05T02:12:30.641835
wifi_occupancy,"{""node_id"": ""corridor_node_1"", ""people_count"": 4, ""device_count_raw"": 4, ""csi_variance"": 2.1681, ""csi_people_estimate"": 0, ""ts"": ""2026-09-05T02:12:35.517505""}",2026-09-05T02:12:35.517505
wifi_occupancy,"{""node_id"": ""corridor_node_1"", ""people_count"": 5, ""device_count_raw"": 5, ""csi_variance"": 3.5139, ""csi_people_estimate"": 0, ""ts"": ""2026-09-05T02:12:40.534733""}",2026-09-05T02:12:40.534733
wifi_occupancy,"{""node_id"": ""corridor_node_1"", ""people_count"": 4, ""device_count_raw"": 4, ""csi_variance"": 7.2708, ""csi_people_estimate"": 0, ""ts"": ""2026-09-05T02:12:45.590999""}",2026-09-05T02:12:45.590999
wifi_occupancy,"{""node_id"": ""corridor_node_1"", ""people_count"": 4, ""device_count_raw"": 4, ""csi_variance"": 9.3303, ""csi_people_estimate"": 0, ""ts"": ""2026-09-05T02:12:50.607621""}",2026-09-05T02:12:50.607621
wifi_occupancy,"{""node_id"": ""corridor_node_1"", ""people_count"": 4, ""device_count_raw"": 4, ""csi_variance"": 8.6677, ""csi_people_estimate"": 0, ""ts"": ""2026-09-05T02:12:55.627558""}",2026-09-05T02:12:55.627558
wifi_occupancy,"{""node_id"": ""corridor_node_1"", ""people_count"": 3, ""device_count_raw"": 3, ""csi_variance"": 11.3357, ""csi_people_estimate"": 0, ""ts"": ""2026-09-05T02:13:00.567807""}",2026-09-05T02:13:00.567807
wifi_occupancy,"{""node_id"": ""corridor_node_1"", ""people_count"": 3, ""device_count_raw"": 3, ""csi_variance"": 12.3214, ""csi_people_estimate"": 0, ""ts"": ""2026-09-05T02:13:05.563423""}",2026-09-05T02:13:05.563423
wifi_occupancy,"{""node_id"": ""corridor_node_1"", ""people_count"": 3, ""device_count_raw"": 3, ""csi_variance"": 11.877, ""csi_people_estimate"": 0, ""ts"": ""2026-09-05T02:13:10.587868""}",2026-09-05T02:13:10.587868
wifi_occupancy,"{""node_id"": ""corridor_node_1"", ""people_count"": 3, ""device_count_raw"": 3, ""csi_variance"": 11.392, ""csi_people_estimate"": 0, ""ts"": ""2026-09-05T02:13:15.593400""}",2026-09-05T02:13:15.594425
wifi_occupancy,"{""node_id"": ""corridor_node_1"", ""people_count"": 3, ""device_count_raw"": 3, ""csi_variance"": 5.6385, ""csi_people_estimate"": 0, ""ts"": ""2026-09-05T02:13:20.611824""}",2026-09-05T02:13:20.611824
wifi_occupancy,"{""node_id"": ""corridor_node_1"", ""people_count"": 3, ""device_count_raw"": 3, ""csi_variance"": 4.7597, ""csi_people_estimate"": 0, ""ts"": ""2026-09-05T02:13:25.628813""}",2026-09-05T02:13:25.628813
wifi_occupancy,"{""node_id"": ""corridor_node_1"", ""people_count"": 3, ""device_count_raw"": 3, ""csi_variance"": 2.4494, ""csi_people_estimate"": 0, ""ts"": ""2026-09-05T02:13:30.522544""}",2026-09-05T02:13:30.522544
wifi_occupancy,"{""node_id"": ""corridor_node_1"", ""people_count"": 3, ""device_count_raw"": 3, ""csi_variance"": 2.1703, ""csi_people_estimate"": 0, ""ts"": ""2026-09-05T02:13:35.663858""}",2026-09-05T02:13:35.663858
wifi_occupancy,"{""node_id"": ""corridor_node_1"", ""people_count"": 2, ""device_count_raw"": 2, ""csi_variance"": 2.7697, ""csi_people_estimate"": 0, ""ts"": ""2026-09-05T02:13:40.579343""}",2026-09-05T02:13:40.579343
wifi_occupancy,"{""node_id"": ""corridor_node_1"", ""people_count"": 2, ""device_count_raw"": 2, ""csi_variance"": 3.2163, ""csi_people_estimate"": 0, ""ts"": ""2026-09-05T02:13:45.599116""}",2026-09-05T02:13:45.599116
wifi_occupancy,"{""node_id"": ""corridor_node_1"", ""people_count"": 3, ""device_count_raw"": 3, ""csi_variance"": 14.8435, ""csi_people_estimate"": 0, ""ts"": ""2026-09-05T02:13:50.615555""}",2026-09-05T02:13:50.615555
wifi_occupancy,"{""node_id"": ""corridor_node_1"", ""people_count"": 3, ""device_count_raw"": 3, ""csi_variance"": 12.516, ""csi_people_estimate"": 0, ""ts"": ""2026-09-05T02:13:55.521930""}",2026-09-05T02:13:55.521930
wifi_occupancy,"{""node_id"": ""corridor_node_1"", ""people_count"": 3, ""device_count_raw"": 3, ""csi_variance"": 12.4415, ""csi_people_estimate"": 0, ""ts"": ""2026-09-05T02:14:00.519667""}",2026-09-05T02:14:00.519667
wifi_occupancy,"{""node_id"": ""corridor_node_1"", ""people_count"": 4, ""device_count_raw"": 4, ""csi_variance"": 12.1602, ""csi_people_estimate"": 0, ""ts"": ""2026-09-05T02:14:05.565753""}",2026-09-05T02:14:05.565753
wifi_occupancy,"{""node_id"": ""corridor_node_1"", ""people_count"": 3, ""device_count_raw"": 3, ""csi_variance"": 8.4199, ""csi_people_estimate"": 0, ""ts"": ""2026-09-05T02:14:10.525740""}",2026-09-05T02:14:10.525740
wifi_occupancy,"{""node_id"": ""corridor_node_1"", ""people_count"": 3, ""device_count_raw"": 3, ""csi_variance"": 2.9886, ""csi_people_estimate"": 0, ""ts"": ""2026-09-05T02:14:15.604021""}",2026-09-05T02:14:15.604021
wifi_occupancy,"{""node_id"": ""corridor_node_1"", ""people_count"": 3, ""device_count_raw"": 3, ""csi_variance"": 1.9211, ""csi_people_estimate"": 0, ""ts"": ""2026-09-05T02:14:20.543108""}",2026-09-05T02:14:20.543108
wifi_occupancy,"{""node_id"": ""corridor_node_1"", ""people_count"": 3, ""device_count_raw"": 3, ""csi_variance"": 1.745, ""csi_people_estimate"": 0, ""ts"": ""2026-09-05T02:14:25.638018""}",2026-09-05T02:14:25.638018
wifi_occupancy,"{""node_id"": ""corridor_node_1"", ""people_count"": 3, ""device_count_raw"": 3, ""csi_variance"": 2.4066, ""csi_people_estimate"": 0, ""ts"": ""2026-09-05T02:14:30.654251""}",2026-09-05T02:14:30.654251
wifi_occupancy,"{""node_id"": ""corridor_node_1"", ""people_count"": 3, ""device_count_raw"": 3, ""csi_variance"": 18.1129, ""csi_people_estimate"": 0, ""ts"": ""2026-09-05T02:14:35.673116""}",2026-09-05T02:14:35.673116
wifi_occupancy,"{""node_id"": ""corridor_node_1"", ""people_count"": 3, ""device_count_raw"": 3, ""csi_variance"": 20.0409, ""csi_people_estimate"": 0, ""ts"": ""2026-09-05T02:14:40.527251""}",2026-09-05T02:14:40.527251
wifi_occupancy,"{""node_id"": ""corridor_node_1"", ""people_count"": 3, ""device_count_raw"": 3, ""csi_variance"": 20.4481, ""csi_people_estimate"": 0, ""ts"": ""2026-09-05T02:14:45.524958""}",2026-09-05T02:14:45.524958
wifi_occupancy,"{""node_id"": ""corridor_node_1"", ""people_count"": 3, ""device_count_raw"": 3, ""csi_variance"": 23.9717, ""csi_people_estimate"": 0, ""ts"": ""2026-09-05T02:14:50.624750""}",2026-09-05T02:14:50.624750
wifi_occupancy,"{""node_id"": ""corridor_node_1"", ""people_count"": 4, ""device_count_raw"": 4, ""csi_variance"": 12.7293, ""csi_people_estimate"": 0, ""ts"": ""2026-09-05T02:14:55.524091""}",2026-09-05T02:14:55.524091
wifi_occupancy,"{""node_id"": ""corridor_node_1"", ""people_count"": 5, ""device_count_raw"": 5, ""csi_variance"": 10.5602, ""csi_people_estimate"": 0, ""ts"": ""2026-09-05T02:15:00.555441""}",2026-09-05T02:15:00.555441
wifi_occupancy,"{""node_id"": ""corridor_node_1"", ""people_count"": 4, ""device_count_raw"": 4, ""csi_variance"": 8.602, ""csi_people_estimate"": 0, ""ts"": ""2026-09-05T02:15:05.573388""}",2026-09-05T02:15:05.573388
wifi_occupancy,"{""node_id"": ""corridor_node_1"", ""people_count"": 4, ""device_count_raw"": 4, ""csi_variance"": 7.845, ""csi_people_estimate"": 0, ""ts"": ""2026-09-05T02:15:10.531987""}",2026-09-05T02:15:10.531987
wifi_occupancy,"{""node_id"": ""corridor_node_1"", ""people_count"": 4, ""device_count_raw"": 4, ""csi_variance"": 7.2938, ""csi_people_estimate"": 0, ""ts"": ""2026-09-05T02:15:15.608852""}",2026-09-05T02:15:15.608852
wifi_occupancy,"{""node_id"": ""corridor_node_1"", ""people_count"": 4, ""device_count_raw"": 4, ""csi_variance"": 3.4333, ""csi_people_estimate"": 0, ""ts"": ""2026-09-05T02:15:20.626123""}",2026-09-05T02:15:20.626123
wifi_occupancy,"{""node_id"": ""corridor_node_1"", ""people_count"": 4, ""device_count_raw"": 4, ""csi_variance"": 1.8772, ""csi_people_estimate"": 0, ""ts"": ""2026-09-05T02:15:25.533396""}",2026-09-05T02:15:25.533396
wifi_occupancy,"{""node_id"": ""corridor_node_1"", ""people_count"": 4, ""device_count_raw"": 4, ""csi_variance"": 1.9008, ""csi_people_estimate"": 0, ""ts"": ""2026-09-05T02:15:30.560233""}",2026-09-05T02:15:30.560233
wifi_occupancy,"{""node_id"": ""corridor_node_1"", ""people_count"": 5, ""device_count_raw"": 5, ""csi_variance"": 1.4605, ""csi_people_estimate"": 0, ""ts"": ""2026-09-05T02:15:35.584037""}",2026-09-05T02:15:35.584037
wifi_occupancy,"{""node_id"": ""corridor_node_1"", ""people_count"": 5, ""device_count_raw"": 5, ""csi_variance"": 1.9242, ""csi_people_estimate"": 0, ""ts"": ""2026-09-05T02:15:40.523015""}",2026-09-05T02:15:40.523015
wifi_occupancy,"{""node_id"": ""corridor_node_1"", ""people_count"": 5, ""device_count_raw"": 5, ""csi_variance"": 1.9078, ""csi_people_estimate"": 0, ""ts"": ""2026-09-05T02:15:45.623097""}",2026-09-05T02:15:45.623097
wifi_occupancy,"{""node_id"": ""corridor_node_1"", ""people_count"": 4, ""device_count_raw"": 4, ""csi_variance"": 2.0243, ""csi_people_estimate"": 0, ""ts"": ""2026-09-05T02:15:50.634266""}",2026-09-05T02:15:50.634266
wifi_occupancy,"{""node_id"": ""corridor_node_1"", ""people_count"": 3, ""device_count_raw"": 3, ""csi_variance"": 2.2537, ""csi_people_estimate"": 0, ""ts"": ""2026-09-05T02:15:55.547461""}",2026-09-05T02:15:55.547461
wifi_occupancy,"{""node_id"": ""corridor_node_1"", ""people_count"": 3, ""device_count_raw"": 3, ""csi_variance"": 5.6807, ""csi_people_estimate"": 0, ""ts"": ""2026-09-05T02:16:00.565001""}",2026-09-05T02:16:00.565001
wifi_occupancy,"{""node_id"": ""corridor_node_1"", ""people_count"": 3, ""device_count_raw"": 3, ""csi_variance"": 4.5562, ""csi_people_estimate"": 0, ""ts"": ""2026-09-05T02:16:05.581292""}",2026-09-05T02:16:05.581292
wifi_occupancy,"{""node_id"": ""corridor_node_1"", ""people_count"": 2, ""device_count_raw"": 2, ""csi_variance"": 8.3729, ""csi_people_estimate"": 0, ""ts"": ""2026-09-05T02:16:10.598678""}",2026-09-05T02:16:10.598678
wifi_occupancy,"{""node_id"": ""corridor_node_1"", ""people_count"": 3, ""device_count_raw"": 3, ""csi_variance"": 7.2239, ""csi_people_estimate"": 0, ""ts"": ""2026-09-05T02:16:15.626879""}",2026-09-05T02:16:15.626879
wifi_occupancy,"{""node_id"": ""corridor_node_1"", ""people_count"": 3, ""device_count_raw"": 3, ""csi_variance"": 3.1261, ""csi_people_estimate"": 0, ""ts"": ""2026-09-05T02:16:20.666880""}",2026-09-05T02:16:20.666880
wifi_occupancy,"{""node_id"": ""corridor_node_1"", ""people_count"": 3, ""device_count_raw"": 3, ""csi_variance"": 6.4773, ""csi_people_estimate"": 0, ""ts"": ""2026-09-05T02:16:25.523175""}",2026-09-05T02:16:25.523175
wifi_occupancy,"{""node_id"": ""corridor_node_1"", ""people_count"": 3, ""device_count_raw"": 3, ""csi_variance"": 5.3247, ""csi_people_estimate"": 0, ""ts"": ""2026-09-05T02:16:30.674377""}",2026-09-05T02:16:30.674377
wifi_occupancy,"{""node_id"": ""corridor_node_1"", ""people_count"": 2, ""device_count_raw"": 2, ""csi_variance"": 5.1724, ""csi_people_estimate"": 0, ""ts"": ""2026-09-05T02:16:35.524223""}",2026-09-05T02:16:35.524223
wifi_occupancy,"{""node_id"": ""corridor_node_1"", ""people_count"": 2, ""device_count_raw"": 2, ""csi_variance"": 4.8686, ""csi_people_estimate"": 0, ""ts"": ""2026-09-05T02:16:40.612119""}",2026-09-05T02:16:40.612119
wifi_occupancy,"{""node_id"": ""corridor_node_1"", ""people_count"": 2, ""device_count_raw"": 2, ""csi_variance"": 9.1937, ""csi_people_estimate"": 0, ""ts"": ""2026-09-05T02:16:45.633582""}",2026-09-05T02:16:45.633582
wifi_occupancy,"{""node_id"": ""corridor_node_1"", ""people_count"": 3, ""device_count_raw"": 3, ""csi_variance"": 1.8394, ""csi_people_estimate"": 0, ""ts"": ""2026-09-05T02:16:50.641493""}",2026-09-05T02:16:50.641493
wifi_occupancy,"{""node_id"": ""corridor_node_1"", ""people_count"": 3, ""device_count_raw"": 3, ""csi_variance"": 2.6554, ""csi_people_estimate"": 0, ""ts"": ""2026-09-05T02:16:55.520166""}",2026-09-05T02:16:55.520166
wifi_occupancy,"{""node_id"": ""corridor_node_1"", ""people_count"": 2, ""device_count_raw"": 2, ""csi_variance"": 2.8361, ""csi_people_estimate"": 0, ""ts"": ""2026-09-05T02:17:00.574181""}",2026-09-05T02:17:00.574181
wifi_occupancy,"{""node_id"": ""corridor_node_1"", ""people_count"": 4, ""device_count_raw"": 4, ""csi_variance"": 10.0135, ""csi_people_estimate"": 0, ""ts"": ""2026-09-05T02:17:05.603982""}",2026-09-05T02:17:05.603982
wifi_occupancy,"{""node_id"": ""corridor_node_1"", ""people_count"": 4, ""device_count_raw"": 4, ""csi_variance"": 63.5098, ""csi_people_estimate"": 0, ""ts"": ""2026-09-05T02:17:10.614561""}",2026-09-05T02:17:10.614561
wifi_occupancy,"{""node_id"": ""corridor_node_1"", ""people_count"": 3, ""device_count_raw"": 3, ""csi_variance"": 59.5625, ""csi_people_estimate"": 0, ""ts"": ""2026-09-05T02:17:15.635824""}",2026-09-05T02:17:15.635824
wifi_occupancy,"{""node_id"": ""corridor_node_1"", ""people_count"": 3, ""device_count_raw"": 3, ""csi_variance"": 59.2468, ""csi_people_estimate"": 0, ""ts"": ""2026-09-05T02:17:20.773096""}",2026-09-05T02:17:20.773096
wifi_occupancy,"{""node_id"": ""corridor_node_1"", ""people_count"": 3, ""device_count_raw"": 3, ""csi_variance"": 3.0105, ""csi_people_estimate"": 0, ""ts"": ""2026-09-05T02:17:25.562751""}",2026-09-05T02:17:25.562751
wifi_occupancy,"{""node_id"": ""corridor_node_1"", ""people_count"": 3, ""device_count_raw"": 3, ""csi_variance"": 1.5173, ""csi_people_estimate"": 0, ""ts"": ""2026-09-05T02:17:30.576956""}",2026-09-05T02:17:30.576956
wifi_occupancy,"{""node_id"": ""corridor_node_1"", ""people_count"": 3, ""device_count_raw"": 3, ""csi_variance"": 2.714, ""csi_people_estimate"": 0, ""ts"": ""2026-09-05T02:17:35.695958""}",2026-09-05T02:17:35.695958
wifi_occupancy,"{""node_id"": ""corridor_node_1"", ""people_count"": 3, ""device_count_raw"": 3, ""csi_variance"": 4.8282, ""csi_people_estimate"": 0, ""ts"": ""2026-09-05T02:17:40.554813""}",2026-09-05T02:17:40.554813
wifi_occupancy,"{""node_id"": ""corridor_node_1"", ""people_count"": 3, ""device_count_raw"": 3, ""csi_variance"": 12.6581, ""csi_people_estimate"": 0, ""ts"": ""2026-09-05T02:17:45.628160""}",2026-09-05T02:17:45.628160
wifi_occupancy,"{""node_id"": ""corridor_node_1"", ""people_count"": 3, ""device_count_raw"": 3, ""csi_variance"": 13.7145, ""csi_people_estimate"": 0, ""ts"": ""2026-09-05T02:17:50.518789""}",2026-09-05T02:17:50.518789
wifi_occupancy,"{""node_id"": ""corridor_node_1"", ""people_count"": 3, ""device_count_raw"": 3, ""csi_variance"": 14.5312, ""csi_people_estimate"": 0, ""ts"": ""2026-09-05T02:17:55.665413""}",2026-09-05T02:17:55.665413
wifi_occupancy,"{""node_id"": ""corridor_node_1"", ""people_count"": 3, ""device_count_raw"": 3, ""csi_variance"": 13.924, ""csi_people_estimate"": 0, ""ts"": ""2026-09-05T02:18:00.580233""}",2026-09-05T02:18:00.580233
wifi_occupancy,"{""node_id"": ""corridor_node_1"", ""people_count"": 1, ""device_count_raw"": 1, ""csi_variance"": 2.9072, ""csi_people_estimate"": 0, ""ts"": ""2026-09-05T02:18:05.598455""}",2026-09-05T02:18:05.598455
wifi_occupancy,"{""node_id"": ""corridor_node_1"", ""people_count"": 2, ""device_count_raw"": 2, ""csi_variance"": 9.894, ""csi_people_estimate"": 0, ""ts"": ""2026-09-05T02:18:10.623970""}",2026-09-05T02:18:10.623970
wifi_occupancy,"{""node_id"": ""corridor_node_1"", ""people_count"": 2, ""device_count_raw"": 2, ""csi_variance"": 15.4508, ""csi_people_estimate"": 0, ""ts"": ""2026-09-05T02:18:15.635003""}",2026-09-05T02:18:15.635003
wifi_occupancy,"{""node_id"": ""corridor_node_1"", ""people_count"": 2, ""device_count_raw"": 2, ""csi_variance"": 11.2365, ""csi_people_estimate"": 0, ""ts"": ""2026-09-05T02:18:20.550905""}",2026-09-05T02:18:20.550905
wifi_occupancy,"{""node_id"": ""corridor_node_1"", ""people_count"": 2, ""device_count_raw"": 2, ""csi_variance"": 3.5675, ""csi_people_estimate"": 0, ""ts"": ""2026-09-05T02:18:25.562821""}",2026-09-05T02:18:25.562821
wifi_occupancy,"{""node_id"": ""corridor_node_1"", ""people_count"": 2, ""device_count_raw"": 2, ""csi_variance"": 6.2803, ""csi_people_estimate"": 0, ""ts"": ""2026-09-05T02:18:30.603645""}",2026-09-05T02:18:30.603645
wifi_occupancy,"{""node_id"": ""corridor_node_1"", ""people_count"": 2, ""device_count_raw"": 2, ""csi_variance"": 9.0853, ""csi_people_estimate"": 0, ""ts"": ""2026-09-05T02:18:35.516899""}",2026-09-05T02:18:35.516899
wifi_occupancy,"{""node_id"": ""corridor_node_1"", ""people_count"": 3, ""device_count_raw"": 3, ""csi_variance"": 13.1753, ""csi_people_estimate"": 0, ""ts"": ""2026-09-05T02:18:40.617663""}",2026-09-05T02:18:40.617663
wifi_occupancy,"{""node_id"": ""corridor_node_1"", ""people_count"": 3, ""device_count_raw"": 3, ""csi_variance"": 16.4464, ""csi_people_estimate"": 0, ""ts"": ""2026-09-05T02:18:45.529614""}",2026-09-05T02:18:45.529614
wifi_occupancy,"{""node_id"": ""corridor_node_1"", ""people_count"": 3, ""device_count_raw"": 3, ""csi_variance"": 10.5103, ""csi_people_estimate"": 0, ""ts"": ""2026-09-05T02:18:50.525674""}",2026-09-05T02:18:50.525674
wifi_occupancy,"{""node_id"": ""corridor_node_1"", ""people_count"": 3, ""device_count_raw"": 3, ""csi_variance"": 13.2636, ""csi_people_estimate"": 0, ""ts"": ""2026-09-05T02:18:55.579182""}",2026-09-05T02:18:55.579182
wifi_occupancy,"{""node_id"": ""corridor_node_1"", ""people_count"": 3, ""device_count_raw"": 3, ""csi_variance"": 8.5713, ""csi_people_estimate"": 0, ""ts"": ""2026-09-05T02:19:00.612742""}",2026-09-05T02:19:00.612742
wifi_occupancy,"{""node_id"": ""corridor_node_1"", ""people_count"": 3, ""device_count_raw"": 3, ""csi_variance"": 7.9585, ""csi_people_estimate"": 0, ""ts"": ""2026-09-05T02:19:05.604805""}",2026-09-05T02:19:05.604805
wifi_occupancy,"{""node_id"": ""corridor_node_1"", ""people_count"": 2, ""device_count_raw"": 2, ""csi_variance"": 4.0274, ""csi_people_estimate"": 0, ""ts"": ""2026-09-05T02:19:10.621674""}",2026-09-05T02:19:10.622675
wifi_occupancy,"{""node_id"": ""corridor_node_1"", ""people_count"": 3, ""device_count_raw"": 3, ""csi_variance"": 13.3277, ""csi_people_estimate"": 0, ""ts"": ""2026-09-05T02:19:15.846092""}",2026-09-05T02:19:15.846092
wifi_occupancy,"{""node_id"": ""corridor_node_1"", ""people_count"": 4, ""device_count_raw"": 4, ""csi_variance"": 8.5596, ""csi_people_estimate"": 0, ""ts"": ""2026-09-05T02:19:20.666426""}",2026-09-05T02:19:20.666426
wifi_occupancy,"{""node_id"": ""corridor_node_1"", ""people_count"": 4, ""device_count_raw"": 4, ""csi_variance"": 8.3267, ""csi_people_estimate"": 0, ""ts"": ""2026-09-05T02:19:25.576913""}",2026-09-05T02:19:25.576913
wifi_occupancy,"{""node_id"": ""corridor_node_1"", ""people_count"": 4, ""device_count_raw"": 4, ""csi_variance"": 1.233, ""csi_people_estimate"": 0, ""ts"": ""2026-09-05T02:19:30.595527""}",2026-09-05T02:19:30.595527
wifi_occupancy,"{""node_id"": ""corridor_node_1"", ""people_count"": 4, ""device_count_raw"": 4, ""csi_variance"": 3.2416, ""csi_people_estimate"": 0, ""ts"": ""2026-09-05T02:19:35.607837""}",2026-09-05T02:19:35.607837
wifi_occupancy,"{""node_id"": ""corridor_node_1"", ""people_count"": 3, ""device_count_raw"": 3, ""csi_variance"": 4.9176, ""csi_people_estimate"": 0, ""ts"": ""2026-09-05T02:19:40.626348""}",2026-09-05T02:19:40.626348
wifi_occupancy,"{""node_id"": ""corridor_node_1"", ""people_count"": 3, ""device_count_raw"": 3, ""csi_variance"": 7.9788, ""csi_people_estimate"": 0, ""ts"": ""2026-09-05T02:19:45.524075""}",2026-09-05T02:19:45.524075
wifi_occupancy,"{""node_id"": ""corridor_node_1"", ""people_count"": 3, ""device_count_raw"": 3, ""csi_variance"": 8.8453, ""csi_people_estimate"": 0, ""ts"": ""2026-09-05T02:19:50.516086""}",2026-09-05T02:19:50.516086
wifi_occupancy,"{""node_id"": ""corridor_node_1"", ""people_count"": 2, ""device_count_raw"": 2, ""csi_variance"": 7.6683, ""csi_people_estimate"": 0, ""ts"": ""2026-09-05T02:19:55.579162""}",2026-09-05T02:19:55.579162
wifi_occupancy,"{""node_id"": ""corridor_node_1"", ""people_count"": 2, ""device_count_raw"": 2, ""csi_variance"": 6.3298, ""csi_people_estimate"": 0, ""ts"": ""2026-09-05T02:20:00.594525""}",2026-09-05T02:20:00.594525
wifi_occupancy,"{""node_id"": ""corridor_node_1"", ""people_count"": 3, ""device_count_raw"": 3, ""csi_variance"": 6.5891, ""csi_people_estimate"": 0, ""ts"": ""2026-09-05T02:20:05.614654""}",2026-09-05T02:20:05.614654
wifi_occupancy,"{""node_id"": ""corridor_node_1"", ""people_count"": 3, ""device_count_raw"": 3, ""csi_variance"": 1.6138, ""csi_people_estimate"": 0, ""ts"": ""2026-09-05T02:20:10.515507""}",2026-09-05T02:20:10.515507
wifi_occupancy,"{""node_id"": ""corridor_node_1"", ""people_count"": 4, ""device_count_raw"": 4, ""csi_variance"": 1.3252, ""csi_people_estimate"": 0, ""ts"": ""2026-09-05T02:20:15.652914""}",2026-09-05T02:20:15.652914
wifi_occupancy,"{""node_id"": ""corridor_node_1"", ""people_count"": 2, ""device_count_raw"": 2, ""csi_variance"": 1.5539, ""csi_people_estimate"": 0, ""ts"": ""2026-09-05T02:20:20.563010""}",2026-09-05T02:20:20.563010
wifi_occupancy,"{""node_id"": ""corridor_node_1"", ""people_count"": 3, ""device_count_raw"": 3, ""csi_variance"": 5.6602, ""csi_people_estimate"": 0, ""ts"": ""2026-09-05T02:20:25.587060""}",2026-09-05T02:20:25.587060
wifi_occupancy,"{""node_id"": ""corridor_node_1"", ""people_count"": 4, ""device_count_raw"": 4, ""csi_variance"": 7.0717, ""csi_people_estimate"": 0, ""ts"": ""2026-09-05T02:20:30.526806""}",2026-09-05T02:20:30.526806
wifi_occupancy,"{""node_id"": ""corridor_node_1"", ""people_count"": 4, ""device_count_raw"": 4, ""csi_variance"": 4.4295, ""csi_people_estimate"": 0, ""ts"": ""2026-09-05T02:20:35.618559""}",2026-09-05T02:20:35.618559
wifi_occupancy,"{""node_id"": ""corridor_node_1"", ""people_count"": 5, ""device_count_raw"": 5, ""csi_variance"": 6.9582, ""csi_people_estimate"": 0, ""ts"": ""2026-09-05T02:20:40.517691""}",2026-09-05T02:20:40.517691
wifi_occupancy,"{""node_id"": ""corridor_node_1"", ""people_count"": 5, ""device_count_raw"": 5, ""csi_variance"": 4.3659, ""csi_people_estimate"": 0, ""ts"": ""2026-09-05T02:20:45.552423""}",2026-09-05T02:20:45.552423
wifi_occupancy,"{""node_id"": ""corridor_node_1"", ""people_count"": 5, ""device_count_raw"": 5, ""csi_variance"": 3.1503, ""csi_people_estimate"": 0, ""ts"": ""2026-09-05T02:20:50.568109""}",2026-09-05T02:20:50.568109
wifi_occupancy,"{""node_id"": ""corridor_node_1"", ""people_count"": 5, ""device_count_raw"": 5, ""csi_variance"": 2.3473, ""csi_people_estimate"": 0, ""ts"": ""2026-09-05T02:20:55.589989""}",2026-09-05T02:20:55.589989
wifi_occupancy,"{""node_id"": ""corridor_node_1"", ""people_count"": 5, ""device_count_raw"": 5, ""csi_variance"": 9.7811, ""csi_people_estimate"": 0, ""ts"": ""2026-09-05T02:21:00.514671""}",2026-09-05T02:21:00.514671
wifi_occupancy,"{""node_id"": ""corridor_node_1"", ""people_count"": 4, ""device_count_raw"": 4, ""csi_variance"": 9.9117, ""csi_people_estimate"": 0, ""ts"": ""2026-09-05T02:21:05.619111""}",2026-09-05T02:21:05.619111
wifi_occupancy,"{""node_id"": ""corridor_node_1"", ""people_count"": 4, ""device_count_raw"": 4, ""csi_variance"": 10.0748, ""csi_people_estimate"": 0, ""ts"": ""2026-09-05T02:21:10.539555""}",2026-09-05T02:21:10.539555
wifi_occupancy,"{""node_id"": ""corridor_node_1"", ""people_count"": 4, ""device_count_raw"": 4, ""csi_variance"": 15.0121, ""csi_people_estimate"": 0, ""ts"": ""2026-09-05T02:21:15.556035""}",2026-09-05T02:21:15.556035
wifi_occupancy,"{""node_id"": ""corridor_node_1"", ""people_count"": 4, ""device_count_raw"": 4, ""csi_variance"": 17.853, ""csi_people_estimate"": 0, ""ts"": ""2026-09-05T02:21:20.586122""}",2026-09-05T02:21:20.586122
wifi_occupancy,"{""node_id"": ""corridor_node_1"", ""people_count"": 3, ""device_count_raw"": 3, ""csi_variance"": 17.6369, ""csi_people_estimate"": 0, ""ts"": ""2026-09-05T02:21:25.593606""}",2026-09-05T02:21:25.593606
wifi_occupancy,"{""node_id"": ""corridor_node_1"", ""people_count"": 3, ""device_count_raw"": 3, ""csi_variance"": 10.8928, ""csi_people_estimate"": 0, ""ts"": ""2026-09-05T02:21:30.610230""}",2026-09-05T02:21:30.610230
wifi_occupancy,"{""node_id"": ""corridor_node_1"", ""people_count"": 3, ""device_count_raw"": 3, ""csi_variance"": 9.1064, ""csi_people_estimate"": 0, ""ts"": ""2026-09-05T02:21:35.626202""}",2026-09-05T02:21:35.626202
wifi_occupancy,"{""node_id"": ""corridor_node_1"", ""people_count"": 2, ""device_count_raw"": 2, ""csi_variance"": 8.4328, ""csi_people_estimate"": 0, ""ts"": ""2026-09-05T02:21:40.542656""}",2026-09-05T02:21:40.542656
wifi_occupancy,"{""node_id"": ""corridor_node_1"", ""people_count"": 2, ""device_count_raw"": 2, ""csi_variance"": 8.3008, ""csi_people_estimate"": 0, ""ts"": ""2026-09-05T02:21:45.517811""}",2026-09-05T02:21:45.517811
wifi_occupancy,"{""node_id"": ""corridor_node_1"", ""people_count"": 2, ""device_count_raw"": 2, ""csi_variance"": 3.8631, ""csi_people_estimate"": 0, ""ts"": ""2026-09-05T02:21:50.521884""}",2026-09-05T02:21:50.521884
wifi_occupancy,"{""node_id"": ""corridor_node_1"", ""people_count"": 2, ""device_count_raw"": 2, ""csi_variance"": 3.4665, ""csi_people_estimate"": 0, ""ts"": ""2026-09-05T02:21:55.592930""}",2026-09-05T02:21:55.592930
wifi_occupancy,"{""node_id"": ""corridor_node_1"", ""people_count"": 2, ""device_count_raw"": 2, ""csi_variance"": 0.9513, ""csi_people_estimate"": 0, ""ts"": ""2026-09-05T02:22:00.611047""}",2026-09-05T02:22:00.611047
wifi_occupancy,"{""node_id"": ""corridor_node_1"", ""people_count"": 2, ""device_count_raw"": 2, ""csi_variance"": 4.5231, ""csi_people_estimate"": 0, ""ts"": ""2026-09-05T02:22:05.628852""}",2026-09-05T02:22:05.628852
wifi_occupancy,"{""node_id"": ""corridor_node_1"", ""people_count"": 2, ""device_count_raw"": 2, ""csi_variance"": 1.6341, ""csi_people_estimate"": 0, ""ts"": ""2026-09-05T02:22:10.522564""}",2026-09-05T02:22:10.522564
wifi_occupancy,"{""node_id"": ""corridor_node_1"", ""people_count"": 2, ""device_count_raw"": 2, ""csi_variance"": 1.2211, ""csi_people_estimate"": 0, ""ts"": ""2026-09-05T02:22:15.519344""}",2026-09-05T02:22:15.519344
wifi_occupancy,"{""node_id"": ""corridor_node_1"", ""people_count"": 2, ""device_count_raw"": 2, ""csi_variance"": 1.1754, ""csi_people_estimate"": 0, ""ts"": ""2026-09-05T02:22:20.519835""}",2026-09-05T02:22:20.519835
wifi_occupancy,"{""node_id"": ""corridor_node_1"", ""people_count"": 2, ""device_count_raw"": 2, ""csi_variance"": 1.0015, ""csi_people_estimate"": 0, ""ts"": ""2026-09-05T02:22:25.597589""}",2026-09-05T02:22:25.597589
wifi_occupancy,"{""node_id"": ""corridor_node_1"", ""people_count"": 1, ""device_count_raw"": 1, ""csi_variance"": 2.5131, ""csi_people_estimate"": 0, ""ts"": ""2026-09-05T02:22:30.615736""}",2026-09-05T02:22:30.615736
wifi_occupancy,"{""node_id"": ""corridor_node_1"", ""people_count"": 2, ""device_count_raw"": 2, ""csi_variance"": 1.932, ""csi_people_estimate"": 0, ""ts"": ""2026-09-05T02:22:35.633463""}",2026-09-05T02:22:35.633463
wifi_occupancy,"{""node_id"": ""corridor_node_1"", ""people_count"": 2, ""device_count_raw"": 2, ""csi_variance"": 2.4682, ""csi_people_estimate"": 0, ""ts"": ""2026-09-05T02:22:40.548928""}",2026-09-05T02:22:40.548928
wifi_occupancy,"{""node_id"": ""corridor_node_1"", ""people_count"": 3, ""device_count_raw"": 3, ""csi_variance"": 2.0517, ""csi_people_estimate"": 0, ""ts"": ""2026-09-05T02:22:45.567008""}",2026-09-05T02:22:45.567008
wifi_occupancy,"{""node_id"": ""corridor_node_1"", ""people_count"": 3, ""device_count_raw"": 3, ""csi_variance"": 1.2089, ""csi_people_estimate"": 0, ""ts"": ""2026-09-05T02:22:50.583131""}",2026-09-05T02:22:50.583131
wifi_occupancy,"{""node_id"": ""corridor_node_1"", ""people_count"": 3, ""device_count_raw"": 3, ""csi_variance"": 3.6232, ""csi_people_estimate"": 0, ""ts"": ""2026-09-05T02:22:55.601615""}",2026-09-05T02:22:55.601615
wifi_occupancy,"{""node_id"": ""corridor_node_1"", ""people_count"": 3, ""device_count_raw"": 3, ""csi_variance"": 3.861, ""csi_people_estimate"": 0, ""ts"": ""2026-09-05T02:23:00.522505""}",2026-09-05T02:23:00.522505
wifi_occupancy,"{""node_id"": ""corridor_node_1"", ""people_count"": 3, ""device_count_raw"": 3, ""csi_variance"": 1.7374, ""csi_people_estimate"": 0, ""ts"": ""2026-09-05T02:23:05.534598""}",2026-09-05T02:23:05.534598
wifi_occupancy,"{""node_id"": ""corridor_node_1"", ""people_count"": 3, ""device_count_raw"": 3, ""csi_variance"": 4.5702, ""csi_people_estimate"": 0, ""ts"": ""2026-09-05T02:23:10.572510""}",2026-09-05T02:23:10.572510
wifi_occupancy,"{""node_id"": ""corridor_node_1"", ""people_count"": 3, ""device_count_raw"": 3, ""csi_variance"": 4.7067, ""csi_people_estimate"": 0, ""ts"": ""2026-09-05T02:23:15.514998""}",2026-09-05T02:23:15.514998
wifi_occupancy,"{""node_id"": ""corridor_node_1"", ""people_count"": 3, ""device_count_raw"": 3, ""csi_variance"": 2.0386, ""csi_people_estimate"": 0, ""ts"": ""2026-09-05T02:23:20.586824""}",2026-09-05T02:23:20.586824
wifi_occupancy,"{""node_id"": ""corridor_node_1"", ""people_count"": 3, ""device_count_raw"": 3, ""csi_variance"": 1.975, ""csi_people_estimate"": 0, ""ts"": ""2026-09-05T02:23:25.604781""}",2026-09-05T02:23:25.604781
wifi_occupancy,"{""node_id"": ""corridor_node_1"", ""people_count"": 3, ""device_count_raw"": 3, ""csi_variance"": 5.3207, ""csi_people_estimate"": 0, ""ts"": ""2026-09-05T02:23:30.515482""}",2026-09-05T02:23:30.515482
wifi_occupancy,"{""node_id"": ""corridor_node_1"", ""people_count"": 2, ""device_count_raw"": 2, ""csi_variance"": 14.3573, ""csi_people_estimate"": 0, ""ts"": ""2026-09-05T02:23:35.741563""}",2026-09-05T02:23:35.741563
wifi_occupancy,"{""node_id"": ""corridor_node_1"", ""people_count"": 3, ""device_count_raw"": 3, ""csi_variance"": 2.7209, ""csi_people_estimate"": 0, ""ts"": ""2026-09-05T02:23:40.553880""}",2026-09-05T02:23:40.553880
wifi_occupancy,"{""node_id"": ""corridor_node_1"", ""people_count"": 3, ""device_count_raw"": 3, ""csi_variance"": 5.3215, ""csi_people_estimate"": 0, ""ts"": ""2026-09-05T02:23:45.576511""}",2026-09-05T02:23:45.576511
wifi_occupancy,"{""node_id"": ""corridor_node_1"", ""people_count"": 3, ""device_count_raw"": 3, ""csi_variance"": 10.3782, ""csi_people_estimate"": 0, ""ts"": ""2026-09-05T02:23:50.589329""}",2026-09-05T02:23:50.589329
wifi_occupancy,"{""node_id"": ""corridor_node_1"", ""people_count"": 3, ""device_count_raw"": 3, ""csi_variance"": 10.1236, ""csi_people_estimate"": 0, ""ts"": ""2026-09-05T02:23:55.606490""}",2026-09-05T02:23:55.606490
wifi_occupancy,"{""node_id"": ""corridor_node_1"", ""people_count"": 2, ""device_count_raw"": 2, ""csi_variance"": 10.767, ""csi_people_estimate"": 0, ""ts"": ""2026-09-05T02:24:00.523451""}",2026-09-05T02:24:00.523451
wifi_occupancy,"{""node_id"": ""corridor_node_1"", ""people_count"": 2, ""device_count_raw"": 2, ""csi_variance"": 8.7134, ""csi_people_estimate"": 0, ""ts"": ""2026-09-05T02:24:05.511284""}",2026-09-05T02:24:05.511284
wifi_occupancy,"{""node_id"": ""corridor_node_1"", ""people_count"": 2, ""device_count_raw"": 2, ""csi_variance"": 6.2038, ""csi_people_estimate"": 0, ""ts"": ""2026-09-05T02:24:10.570788""}",2026-09-05T02:24:10.570788
wifi_occupancy,"{""node_id"": ""corridor_node_1"", ""people_count"": 2, ""device_count_raw"": 2, ""csi_variance"": 8.6585, ""csi_people_estimate"": 0, ""ts"": ""2026-09-05T02:24:15.509481""}",2026-09-05T02:24:15.509481
wifi_occupancy,"{""node_id"": ""corridor_node_1"", ""people_count"": 2, ""device_count_raw"": 2, ""csi_variance"": 6.4244, ""csi_people_estimate"": 0, ""ts"": ""2026-09-05T02:24:20.594447""}",2026-09-05T02:24:20.594447
wifi_occupancy,"{""node_id"": ""corridor_node_1"", ""people_count"": 3, ""device_count_raw"": 3, ""csi_variance"": 5.8365, ""csi_people_estimate"": 0, ""ts"": ""2026-09-05T02:24:25.611663""}",2026-09-05T02:24:25.611663
wifi_occupancy,"{""node_id"": ""corridor_node_1"", ""people_count"": 2, ""device_count_raw"": 2, ""csi_variance"": 6.4049, ""csi_people_estimate"": 0, ""ts"": ""2026-09-05T02:24:30.526852""}",2026-09-05T02:24:30.526852
wifi_occupancy,"{""node_id"": ""corridor_node_1"", ""people_count"": 2, ""device_count_raw"": 2, ""csi_variance"": 24.1326, ""csi_people_estimate"": 0, ""ts"": ""2026-09-05T02:24:35.545356""}",2026-09-05T02:24:35.545356
wifi_occupancy,"{""node_id"": ""corridor_node_1"", ""people_count"": 1, ""device_count_raw"": 1, ""csi_variance"": 23.105, ""csi_people_estimate"": 0, ""ts"": ""2026-09-05T02:24:40.563559""}",2026-09-05T02:24:40.563559
wifi_occupancy,"{""node_id"": ""corridor_node_1"", ""people_count"": 2, ""device_count_raw"": 2, ""csi_variance"": 2.8701, ""csi_people_estimate"": 0, ""ts"": ""2026-09-05T02:24:45.657689""}",2026-09-05T02:24:45.657689
wifi_occupancy,"{""node_id"": ""corridor_node_1"", ""people_count"": 2, ""device_count_raw"": 2, ""csi_variance"": 9.9306, ""csi_people_estimate"": 0, ""ts"": ""2026-09-05T02:24:50.514906""}",2026-09-05T02:24:50.515272
wifi_occupancy,"{""node_id"": ""corridor_node_1"", ""people_count"": 3, ""device_count_raw"": 3, ""csi_variance"": 10.2855, ""csi_people_estimate"": 0, ""ts"": ""2026-09-05T02:24:55.509443""}",2026-09-05T02:24:55.509443
wifi_occupancy,"{""node_id"": ""corridor_node_1"", ""people_count"": 3, ""device_count_raw"": 3, ""csi_variance"": 11.5731, ""csi_people_estimate"": 0, ""ts"": ""2026-09-05T02:25:00.508215""}",2026-09-05T02:25:00.508215
wifi_occupancy,"{""node_id"": ""corridor_node_1"", ""people_count"": 3, ""device_count_raw"": 3, ""csi_variance"": 11.0198, ""csi_people_estimate"": 0, ""ts"": ""2026-09-05T02:25:05.557043""}",2026-09-05T02:25:05.557043
wifi_occupancy,"{""node_id"": ""corridor_node_1"", ""people_count"": 4, ""device_count_raw"": 4, ""csi_variance"": 16.2809, ""csi_people_estimate"": 0, ""ts"": ""2026-09-05T02:25:10.512396""}",2026-09-05T02:25:10.512396
wifi_occupancy,"{""node_id"": ""corridor_node_1"", ""people_count"": 5, ""device_count_raw"": 5, ""csi_variance"": 18.0109, ""csi_people_estimate"": 0, ""ts"": ""2026-09-05T02:25:15.582271""}",2026-09-05T02:25:15.582271
wifi_occupancy,"{""node_id"": ""corridor_node_1"", ""people_count"": 5, ""device_count_raw"": 5, ""csi_variance"": 4.5321, ""csi_people_estimate"": 0, ""ts"": ""2026-09-05T02:25:20.513776""}",2026-09-05T02:25:20.513776
wifi_occupancy,"{""node_id"": ""corridor_node_1"", ""people_count"": 4, ""device_count_raw"": 4, ""csi_variance"": 8.4279, ""csi_people_estimate"": 0, ""ts"": ""2026-09-05T02:25:25.618840""}",2026-09-05T02:25:25.618840
wifi_occupancy,"{""node_id"": ""corridor_node_1"", ""people_count"": 4, ""device_count_raw"": 4, ""csi_variance"": 13.2573, ""csi_people_estimate"": 0, ""ts"": ""2026-09-05T02:25:30.514518""}",2026-09-05T02:25:30.514518
wifi_occupancy,"{""node_id"": ""corridor_node_1"", ""people_count"": 4, ""device_count_raw"": 4, ""csi_variance"": 17.9777, ""csi_people_estimate"": 0, ""ts"": ""2026-09-05T02:25:35.551008""}",2026-09-05T02:25:35.551008
wifi_occupancy,"{""node_id"": ""corridor_node_1"", ""people_count"": 4, ""device_count_raw"": 4, ""csi_variance"": 16.7937, ""csi_people_estimate"": 0, ""ts"": ""2026-09-05T02:25:40.568291""}",2026-09-05T02:25:40.568291
wifi_occupancy,"{""node_id"": ""corridor_node_1"", ""people_count"": 3, ""device_count_raw"": 3, ""csi_variance"": 22.8143, ""csi_people_estimate"": 0, ""ts"": ""2026-09-05T02:25:45.586134""}",2026-09-05T02:25:45.586134
wifi_occupancy,"{""node_id"": ""corridor_node_1"", ""people_count"": 4, ""device_count_raw"": 4, ""csi_variance"": 18.2893, ""csi_people_estimate"": 0, ""ts"": ""2026-09-05T02:25:50.528203""}",2026-09-05T02:25:50.528203
wifi_occupancy,"{""node_id"": ""corridor_node_1"", ""people_count"": 4, ""device_count_raw"": 4, ""csi_variance"": 17.6956, ""csi_people_estimate"": 0, ""ts"": ""2026-09-05T02:25:55.622905""}",2026-09-05T02:25:55.622905
wifi_occupancy,"{""node_id"": ""corridor_node_1"", ""people_count"": 4, ""device_count_raw"": 4, ""csi_variance"": 18.7861, ""csi_people_estimate"": 0, ""ts"": ""2026-09-05T02:26:03.739277""}",2026-09-05T02:26:03.739277
wifi_occupancy,"{""node_id"": ""corridor_node_1"", ""people_count"": 4, ""device_count_raw"": 4, ""csi_variance"": 19.1572, ""csi_people_estimate"": 0, ""ts"": ""2026-09-05T02:26:05.526047""}",2026-09-05T02:26:05.526047
wifi_occupancy,"{""node_id"": ""corridor_node_1"", ""people_count"": 3, ""device_count_raw"": 3, ""csi_variance"": 20.0244, ""csi_people_estimate"": 0, ""ts"": ""2026-09-05T02:26:10.512407""}",2026-09-05T02:26:10.512407
wifi_occupancy,"{""node_id"": ""corridor_node_1"", ""people_count"": 4, ""device_count_raw"": 4, ""csi_variance"": 22.233, ""csi_people_estimate"": 0, ""ts"": ""2026-09-05T02:26:15.596157""}",2026-09-05T02:26:15.596157
wifi_occupancy,"{""node_id"": ""corridor_node_1"", ""people_count"": 4, ""device_count_raw"": 4, ""csi_variance"": 19.6078, ""csi_people_estimate"": 0, ""ts"": ""2026-09-05T02:26:20.528991""}",2026-09-05T02:26:20.528991
wifi_occupancy,"{""node_id"": ""corridor_node_1"", ""people_count"": 4, ""device_count_raw"": 4, ""csi_variance"": 24.1142, ""csi_people_estimate"": 0, ""ts"": ""2026-09-05T02:26:25.526287""}",2026-09-05T02:26:25.526287
wifi_occupancy,"{""node_id"": ""corridor_node_1"", ""people_count"": 4, ""device_count_raw"": 4, ""csi_variance"": 22.7701, ""csi_people_estimate"": 0, ""ts"": ""2026-09-05T02:26:30.542495""}",2026-09-05T02:26:30.542495
wifi_occupancy,"{""node_id"": ""corridor_node_1"", ""people_count"": 4, ""device_count_raw"": 4, ""csi_variance"": 21.9102, ""csi_people_estimate"": 0, ""ts"": ""2026-09-05T02:26:35.559046""}",2026-09-05T02:26:35.559046
wifi_occupancy,"{""node_id"": ""corridor_node_1"", ""people_count"": 4, ""device_count_raw"": 4, ""csi_variance"": 21.4428, ""csi_people_estimate"": 0, ""ts"": ""2026-09-05T02:26:40.508115""}",2026-09-05T02:26:40.508115
wifi_occupancy,"{""node_id"": ""corridor_node_1"", ""people_count"": 4, ""device_count_raw"": 4, ""csi_variance"": 21.6228, ""csi_people_estimate"": 0, ""ts"": ""2026-09-05T02:26:45.597016""}",2026-09-05T02:26:45.597016
wifi_occupancy,"{""node_id"": ""corridor_node_1"", ""people_count"": 3, ""device_count_raw"": 3, ""csi_variance"": 10.3546, ""csi_people_estimate"": 0, ""ts"": ""2026-09-05T02:26:50.611817""}",2026-09-05T02:26:50.611817
wifi_occupancy,"{""node_id"": ""corridor_node_1"", ""people_count"": 3, ""device_count_raw"": 3, ""csi_variance"": 6.3406, ""csi_people_estimate"": 0, ""ts"": ""2026-09-05T02:26:55.635018""}",2026-09-05T02:26:55.635018
wifi_occupancy,"{""node_id"": ""corridor_node_1"", ""people_count"": 3, ""device_count_raw"": 3, ""csi_variance"": 5.7815, ""csi_people_estimate"": 0, ""ts"": ""2026-09-05T02:27:00.655579""}",2026-09-05T02:27:00.655579
wifi_occupancy,"{""node_id"": ""corridor_node_1"", ""people_count"": 3, ""device_count_raw"": 3, ""csi_variance"": 6.8611, ""csi_people_estimate"": 0, ""ts"": ""2026-09-05T02:27:05.566733""}",2026-09-05T02:27:05.566733
wifi_occupancy,"{""node_id"": ""corridor_node_1"", ""people_count"": 3, ""device_count_raw"": 3, ""csi_variance"": 7.1714, ""csi_people_estimate"": 0, ""ts"": ""2026-09-05T02:27:10.695595""}",2026-09-05T02:27:10.695595
wifi_occupancy,"{""node_id"": ""corridor_node_1"", ""people_count"": 2, ""device_count_raw"": 2, ""csi_variance"": 7.9854, ""csi_people_estimate"": 0, ""ts"": ""2026-09-05T02:27:15.705591""}",2026-09-05T02:27:15.705591
wifi_occupancy,"{""node_id"": ""corridor_node_1"", ""people_count"": 2, ""device_count_raw"": 2, ""csi_variance"": 12.7376, ""csi_people_estimate"": 0, ""ts"": ""2026-09-05T02:27:20.617510""}",2026-09-05T02:27:20.617510
wifi_occupancy,"{""node_id"": ""corridor_node_1"", ""people_count"": 3, ""device_count_raw"": 3, ""csi_variance"": 13.9392, ""csi_people_estimate"": 0, ""ts"": ""2026-09-05T02:27:25.526667""}",2026-09-05T02:27:25.526667
wifi_occupancy,"{""node_id"": ""corridor_node_1"", ""people_count"": 3, ""device_count_raw"": 3, ""csi_variance"": 13.2173, ""csi_people_estimate"": 0, ""ts"": ""2026-09-05T02:27:30.549923""}",2026-09-05T02:27:30.549923
wifi_occupancy,"{""node_id"": ""corridor_node_1"", ""people_count"": 3, ""device_count_raw"": 3, ""csi_variance"": 12.3781, ""csi_people_estimate"": 0, ""ts"": ""2026-09-05T02:27:35.530411""}",2026-09-05T02:27:35.530411
wifi_occupancy,"{""node_id"": ""corridor_node_1"", ""people_count"": 3, ""device_count_raw"": 3, ""csi_variance"": 13.853, ""csi_people_estimate"": 0, ""ts"": ""2026-09-05T02:27:40.586718""}",2026-09-05T02:27:40.586718
wifi_occupancy,"{""node_id"": ""corridor_node_1"", ""people_count"": 3, ""device_count_raw"": 3, ""csi_variance"": 12.6649, ""csi_people_estimate"": 0, ""ts"": ""2026-09-05T02:27:45.514077""}",2026-09-05T02:27:45.514077
wifi_occupancy,"{""node_id"": ""corridor_node_1"", ""people_count"": 3, ""device_count_raw"": 3, ""csi_variance"": 10.9254, ""csi_people_estimate"": 0, ""ts"": ""2026-09-05T02:27:50.541024""}",2026-09-05T02:27:50.541024
wifi_occupancy,"{""node_id"": ""corridor_node_1"", ""people_count"": 2, ""device_count_raw"": 2, ""csi_variance"": 12.3407, ""csi_people_estimate"": 0, ""ts"": ""2026-09-05T02:27:55.536333""}",2026-09-05T02:27:55.536333
wifi_occupancy,"{""node_id"": ""corridor_node_1"", ""people_count"": 3, ""device_count_raw"": 3, ""csi_variance"": 5.153, ""csi_people_estimate"": 0, ""ts"": ""2026-09-05T02:28:00.554036""}",2026-09-05T02:28:00.554036
wifi_occupancy,"{""node_id"": ""corridor_node_1"", ""people_count"": 3, ""device_count_raw"": 3, ""csi_variance"": 12.197, ""csi_people_estimate"": 0, ""ts"": ""2026-09-05T02:28:05.530810""}",2026-09-05T02:28:05.530810
wifi_occupancy,"{""node_id"": ""corridor_node_1"", ""people_count"": 3, ""device_count_raw"": 3, ""csi_variance"": 12.6128, ""csi_people_estimate"": 0, ""ts"": ""2026-09-05T02:28:10.691031""}",2026-09-05T02:28:10.691031
wifi_occupancy,"{""node_id"": ""corridor_node_1"", ""people_count"": 2, ""device_count_raw"": 2, ""csi_variance"": 10.4539, ""csi_people_estimate"": 0, ""ts"": ""2026-09-05T02:28:15.606531""}",2026-09-05T02:28:15.606531
wifi_occupancy,"{""node_id"": ""corridor_node_1"", ""people_count"": 3, ""device_count_raw"": 3, ""csi_variance"": 8.8249, ""csi_people_estimate"": 0, ""ts"": ""2026-09-05T02:28:20.526526""}",2026-09-05T02:28:20.526526
wifi_occupancy,"{""node_id"": ""corridor_node_1"", ""people_count"": 2, ""device_count_raw"": 2, ""csi_variance"": 10.0093, ""csi_people_estimate"": 0, ""ts"": ""2026-09-05T02:28:25.539686""}",2026-09-05T02:28:25.539686
wifi_occupancy,"{""node_id"": ""corridor_node_1"", ""people_count"": 2, ""device_count_raw"": 2, ""csi_variance"": 10.3783, ""csi_people_estimate"": 0, ""ts"": ""2026-09-05T02:28:30.560410""}",2026-09-05T02:28:30.560410
wifi_occupancy,"{""node_id"": ""corridor_node_1"", ""people_count"": 2, ""device_count_raw"": 2, ""csi_variance"": 9.9055, ""csi_people_estimate"": 0, ""ts"": ""2026-09-05T02:28:35.574945""}",2026-09-05T02:28:35.574945
wifi_occupancy,"{""node_id"": ""corridor_node_1"", ""people_count"": 2, ""device_count_raw"": 2, ""csi_variance"": 9.9776, ""csi_people_estimate"": 0, ""ts"": ""2026-09-05T02:28:40.592971""}",2026-09-05T02:28:40.592971
wifi_occupancy,"{""node_id"": ""corridor_node_1"", ""people_count"": 2, ""device_count_raw"": 2, ""csi_variance"": 10.7868, ""csi_people_estimate"": 0, ""ts"": ""2026-09-05T02:28:45.614978""}",2026-09-05T02:28:45.614978
wifi_occupancy,"{""node_id"": ""corridor_node_1"", ""people_count"": 2, ""device_count_raw"": 2, ""csi_variance"": 7.0931, ""csi_people_estimate"": 0, ""ts"": ""2026-09-05T02:28:50.526029""}",2026-09-05T02:28:50.526029
wifi_occupancy,"{""node_id"": ""corridor_node_1"", ""people_count"": 2, ""device_count_raw"": 2, ""csi_variance"": 6.6118, ""csi_people_estimate"": 0, ""ts"": ""2026-09-05T02:28:55.543542""}",2026-09-05T02:28:55.543542
wifi_occupancy,"{""node_id"": ""corridor_node_1"", ""people_count"": 1, ""device_count_raw"": 1, ""csi_variance"": 6.6068, ""csi_people_estimate"": 0, ""ts"": ""2026-09-05T02:29:00.594407""}",2026-09-05T02:29:00.594407
wifi_occupancy,"{""node_id"": ""corridor_node_1"", ""people_count"": 3, ""device_count_raw"": 3, ""csi_variance"": 9.5153, ""csi_people_estimate"": 0, ""ts"": ""2026-09-05T02:29:05.680740""}",2026-09-05T02:29:05.680740
wifi_occupancy,"{""node_id"": ""corridor_node_1"", ""people_count"": 3, ""device_count_raw"": 3, ""csi_variance"": 11.1315, ""csi_people_estimate"": 0, ""ts"": ""2026-09-05T02:29:10.710350""}",2026-09-05T02:29:10.710350
wifi_occupancy,"{""node_id"": ""corridor_node_1"", ""people_count"": 3, ""device_count_raw"": 3, ""csi_variance"": 11.9275, ""csi_people_estimate"": 0, ""ts"": ""2026-09-05T02:29:15.623018""}",2026-09-05T02:29:15.623018
wifi_occupancy,"{""node_id"": ""corridor_node_1"", ""people_count"": 2, ""device_count_raw"": 2, ""csi_variance"": 10.476, ""csi_people_estimate"": 0, ""ts"": ""2026-09-05T02:29:20.876394""}",2026-09-05T02:29:20.876394
wifi_occupancy,"{""node_id"": ""corridor_node_1"", ""people_count"": 2, ""device_count_raw"": 2, ""csi_variance"": 12.0665, ""csi_people_estimate"": 0, ""ts"": ""2026-09-05T02:29:25.552451""}",2026-09-05T02:29:25.552451
wifi_occupancy,"{""node_id"": ""corridor_node_1"", ""people_count"": 3, ""device_count_raw"": 3, ""csi_variance"": 3.7144, ""csi_people_estimate"": 0, ""ts"": ""2026-09-05T02:29:30.571298""}",2026-09-05T02:29:30.571298
wifi_occupancy,"{""node_id"": ""corridor_node_1"", ""people_count"": 4, ""device_count_raw"": 4, ""csi_variance"": 9.173, ""csi_people_estimate"": 0, ""ts"": ""2026-09-05T02:29:35.588647""}",2026-09-05T02:29:35.588647
wifi_occupancy,"{""node_id"": ""corridor_node_1"", ""people_count"": 4, ""device_count_raw"": 4, ""csi_variance"": 12.2792, ""csi_people_estimate"": 0, ""ts"": ""2026-09-05T02:29:40.599711""}",2026-09-05T02:29:40.599711
wifi_occupancy,"{""node_id"": ""corridor_node_1"", ""people_count"": 4, ""device_count_raw"": 4, ""csi_variance"": 6.2468, ""csi_people_estimate"": 0, ""ts"": ""2026-09-05T02:29:45.635979""}",2026-09-05T02:29:45.635979
wifi_occupancy,"{""node_id"": ""corridor_node_1"", ""people_count"": 4, ""device_count_raw"": 4, ""csi_variance"": 7.6791, ""csi_people_estimate"": 0, ""ts"": ""2026-09-05T02:29:53.505571""}",2026-09-05T02:29:53.505571
wifi_occupancy,"{""node_id"": ""corridor_node_1"", ""people_count"": 4, ""device_count_raw"": 4, ""csi_variance"": 8.6127, ""csi_people_estimate"": 0, ""ts"": ""2026-09-05T02:29:55.553057""}",2026-09-05T02:29:55.553057
wifi_occupancy,"{""node_id"": ""corridor_node_1"", ""people_count"": 4, ""device_count_raw"": 4, ""csi_variance"": 8.9729, ""csi_people_estimate"": 0, ""ts"": ""2026-09-05T02:30:00.502316""}",2026-09-05T02:30:00.502316
wifi_occupancy,"{""node_id"": ""corridor_node_1"", ""people_count"": 2, ""device_count_raw"": 2, ""csi_variance"": 11.5932, ""csi_people_estimate"": 0, ""ts"": ""2026-09-05T02:30:05.563515""}",2026-09-05T02:30:05.563515
wifi_occupancy,"{""node_id"": ""corridor_node_1"", ""people_count"": 2, ""device_count_raw"": 2, ""csi_variance"": 5.6118, ""csi_people_estimate"": 0, ""ts"": ""2026-09-05T02:30:13.696099""}",2026-09-05T02:30:13.696099
wifi_occupancy,"{""node_id"": ""corridor_node_1"", ""people_count"": 3, ""device_count_raw"": 3, ""csi_variance"": 4.8564, ""csi_people_estimate"": 0, ""ts"": ""2026-09-05T02:30:15.520007""}",2026-09-05T02:30:15.520007
wifi_occupancy,"{""node_id"": ""corridor_node_1"", ""people_count"": 3, ""device_count_raw"": 3, ""csi_variance"": 10.9198, ""csi_people_estimate"": 0, ""ts"": ""2026-09-05T02:30:20.514338""}",2026-09-05T02:30:20.514338
wifi_occupancy,"{""node_id"": ""corridor_node_1"", ""people_count"": 3, ""device_count_raw"": 3, ""csi_variance"": 12.7346, ""csi_people_estimate"": 0, ""ts"": ""2026-09-05T02:30:25.559799""}",2026-09-05T02:30:25.559799
wifi_occupancy,"{""node_id"": ""corridor_node_1"", ""people_count"": 2, ""device_count_raw"": 2, ""csi_variance"": 16.1821, ""csi_people_estimate"": 0, ""ts"": ""2026-09-05T02:30:30.512859""}",2026-09-05T02:30:30.513852
wifi_occupancy,"{""node_id"": ""corridor_node_1"", ""people_count"": 2, ""device_count_raw"": 2, ""csi_variance"": 15.243, ""csi_people_estimate"": 0, ""ts"": ""2026-09-05T02:30:35.710919""}",2026-09-05T02:30:35.710919
wifi_occupancy,"{""node_id"": ""corridor_node_1"", ""people_count"": 2, ""device_count_raw"": 2, ""csi_variance"": 13.1109, ""csi_people_estimate"": 0, ""ts"": ""2026-09-05T02:30:40.711811""}",2026-09-05T02:30:40.711811
wifi_occupancy,"{""node_id"": ""corridor_node_1"", ""people_count"": 2, ""device_count_raw"": 2, ""csi_variance"": 19.3456, ""csi_people_estimate"": 0, ""ts"": ""2026-09-05T02:30:45.529919""}",2026-09-05T02:30:45.529919
wifi_occupancy,"{""node_id"": ""corridor_node_1"", ""people_count"": 2, ""device_count_raw"": 2, ""csi_variance"": 35.2564, ""csi_people_estimate"": 0, ""ts"": ""2026-09-05T02:30:50.550344""}",2026-09-05T02:30:50.550344
wifi_occupancy,"{""node_id"": ""corridor_node_1"", ""people_count"": 2, ""device_count_raw"": 2, ""csi_variance"": 32.0471, ""csi_people_estimate"": 0, ""ts"": ""2026-09-05T02:30:55.558354""}",2026-09-05T02:30:55.558354
wifi_occupancy,"{""node_id"": ""corridor_node_1"", ""people_count"": 2, ""device_count_raw"": 2, ""csi_variance"": 41.0188, ""csi_people_estimate"": 0, ""ts"": ""2026-09-05T02:31:00.576861""}",2026-09-05T02:31:00.576861
wifi_occupancy,"{""node_id"": ""corridor_node_1"", ""people_count"": 2, ""device_count_raw"": 2, ""csi_variance"": 33.5748, ""csi_people_estimate"": 0, ""ts"": ""2026-09-05T02:31:05.595049""}",2026-09-05T02:31:05.595049
wifi_occupancy,"{""node_id"": ""corridor_node_1"", ""people_count"": 2, ""device_count_raw"": 2, ""csi_variance"": 32.7927, ""csi_people_estimate"": 0, ""ts"": ""2026-09-05T02:31:10.611630""}",2026-09-05T02:31:10.611630
wifi_occupancy,"{""node_id"": ""corridor_node_1"", ""people_count"": 1, ""device_count_raw"": 1, ""csi_variance"": 36.0461, ""csi_people_estimate"": 0, ""ts"": ""2026-09-05T02:31:15.506633""}",2026-09-05T02:31:15.506633
wifi_occupancy,"{""node_id"": ""corridor_node_1"", ""people_count"": 2, ""device_count_raw"": 2, ""csi_variance"": 28.987, ""csi_people_estimate"": 0, ""ts"": ""2026-09-05T02:31:20.546437""}",2026-09-05T02:31:20.546437
wifi_occupancy,"{""node_id"": ""corridor_node_1"", ""people_count"": 2, ""device_count_raw"": 2, ""csi_variance"": 34.1251, ""csi_people_estimate"": 0, ""ts"": ""2026-09-05T02:31:25.563529""}",2026-09-05T02:31:25.564526
wifi_occupancy,"{""node_id"": ""corridor_node_1"", ""people_count"": 2, ""device_count_raw"": 2, ""csi_variance"": 36.3411, ""csi_people_estimate"": 0, ""ts"": ""2026-09-05T02:31:30.580456""}",2026-09-05T02:31:30.580456
wifi_occupancy,"{""node_id"": ""corridor_node_1"", ""people_count"": 2, ""device_count_raw"": 2, ""csi_variance"": 46.4662, ""csi_people_estimate"": 0, ""ts"": ""2026-09-05T02:31:35.598673""}",2026-09-05T02:31:35.598673
wifi_occupancy,"{""node_id"": ""corridor_node_1"", ""people_count"": 2, ""device_count_raw"": 2, ""csi_variance"": 33.1222, ""csi_people_estimate"": 0, ""ts"": ""2026-09-05T02:31:40.500360""}",2026-09-05T02:31:40.500360
wifi_occupancy,"{""node_id"": ""corridor_node_1"", ""people_count"": 2, ""device_count_raw"": 2, ""csi_variance"": 30.8126, ""csi_people_estimate"": 0, ""ts"": ""2026-09-05T02:31:45.533788""}",2026-09-05T02:31:45.533788
wifi_occupancy,"{""node_id"": ""corridor_node_1"", ""people_count"": 2, ""device_count_raw"": 2, ""csi_variance"": 13.1791, ""csi_people_estimate"": 0, ""ts"": ""2026-09-05T02:31:50.505022""}",2026-09-05T02:31:50.505022
wifi_occupancy,"{""node_id"": ""corridor_node_1"", ""people_count"": 2, ""device_count_raw"": 2, ""csi_variance"": 12.899, ""csi_people_estimate"": 0, ""ts"": ""2026-09-05T02:31:55.517134""}",2026-09-05T02:31:55.517134
wifi_occupancy,"{""node_id"": ""corridor_node_1"", ""people_count"": 2, ""device_count_raw"": 2, ""csi_variance"": 10.1247, ""csi_people_estimate"": 0, ""ts"": ""2026-09-05T02:32:00.585842""}",2026-09-05T02:32:00.585842
wifi_occupancy,"{""node_id"": ""corridor_node_1"", ""people_count"": 2, ""device_count_raw"": 2, ""csi_variance"": 10.2811, ""csi_people_estimate"": 0, ""ts"": ""2026-09-05T02:32:05.602621""}",2026-09-05T02:32:05.602621
wifi_occupancy,"{""node_id"": ""corridor_node_1"", ""people_count"": 2, ""device_count_raw"": 2, ""csi_variance"": 14.9813, ""csi_people_estimate"": 0, ""ts"": ""2026-09-05T02:32:10.620783""}",2026-09-05T02:32:10.620783
wifi_occupancy,"{""node_id"": ""corridor_node_1"", ""people_count"": 2, ""device_count_raw"": 2, ""csi_variance"": 17.426, ""csi_people_estimate"": 0, ""ts"": ""2026-09-05T02:32:15.537051""}",2026-09-05T02:32:15.537051
wifi_occupancy,"{""node_id"": ""corridor_node_1"", ""people_count"": 1, ""device_count_raw"": 1, ""csi_variance"": 24.8313, ""csi_people_estimate"": 0, ""ts"": ""2026-09-05T02:32:20.656860""}",2026-09-05T02:32:20.656860
wifi_occupancy,"{""node_id"": ""corridor_node_1"", ""people_count"": 2, ""device_count_raw"": 2, ""csi_variance"": 30.9904, ""csi_people_estimate"": 0, ""ts"": ""2026-09-05T02:32:25.569879""}",2026-09-05T02:32:25.569879
wifi_occupancy,"{""node_id"": ""corridor_node_1"", ""people_count"": 2, ""device_count_raw"": 2, ""csi_variance"": 22.1346, ""csi_people_estimate"": 0, ""ts"": ""2026-09-05T02:32:30.588093""}",2026-09-05T02:32:30.588093
wifi_occupancy,"{""node_id"": ""corridor_node_1"", ""people_count"": 2, ""device_count_raw"": 2, ""csi_variance"": 26.4596, ""csi_people_estimate"": 0, ""ts"": ""2026-09-05T02:32:35.611621""}",2026-09-05T02:32:35.611621
wifi_occupancy,"{""node_id"": ""corridor_node_1"", ""people_count"": 2, ""device_count_raw"": 2, ""csi_variance"": 26.8869, ""csi_people_estimate"": 0, ""ts"": ""2026-09-05T02:32:40.621841""}",2026-09-05T02:32:40.621841
wifi_occupancy,"{""node_id"": ""corridor_node_1"", ""people_count"": 2, ""device_count_raw"": 2, ""csi_variance"": 25.2913, ""csi_people_estimate"": 0, ""ts"": ""2026-09-05T02:32:45.556379""}",2026-09-05T02:32:45.556379
wifi_occupancy,"{""node_id"": ""corridor_node_1"", ""people_count"": 2, ""device_count_raw"": 2, ""csi_variance"": 28.3003, ""csi_people_estimate"": 0, ""ts"": ""2026-09-05T02:32:50.555880""}",2026-09-05T02:32:50.555880
wifi_occupancy,"{""node_id"": ""corridor_node_1"", ""people_count"": 2, ""device_count_raw"": 2, ""csi_variance"": 13.3918, ""csi_people_estimate"": 0, ""ts"": ""2026-09-05T02:32:55.572604""}",2026-09-05T02:32:55.572604
wifi_occupancy,"{""node_id"": ""corridor_node_1"", ""people_count"": 2, ""device_count_raw"": 2, ""csi_variance"": 12.1467, ""csi_people_estimate"": 0, ""ts"": ""2026-09-05T02:33:00.593192""}",2026-09-05T02:33:00.593192
